DOMAIN	C_thermophilum_DSM_149	N_crassa_OR74A
WD40	202	220
MFS_1	115	174
Pkinase	102	154
Pkinase_Tyr	98	134
Mito_carr	98	116
RRM_1	94	114
Zn_clus	62	130
Helicase_C	71	82
adh_short	53	89
Sugar_tr	59	82
Fungal_trans	55	84
AAA	60	67
adh_short_C2	48	79
ABC_tran	58	64
Ank_2	46	76
KR	44	70
Methyltransf_11	53	61
DEAD	48	54
Methyltransf_23	47	55
zf-C2H2	39	61
Ank_4	38	58
Methyltransf_25	40	56
ResIII	42	45
Ras	39	46
p450	38	46
Ank	36	45
HET	10	67
NAD_binding_8	30	45
MMR_HSR1	29	46
Roc	32	41
Arf	29	38
TPR_16	34	31
AAA_5	29	33
ABC_membrane	26	35
Ank_3	26	34
AMP-binding	28	32
WSC	23	35
KH_1	20	38
zf-C3HC4	26	30
Epimerase	24	31
Sel1	23	31
SNF2_N	23	31
PUF	18	35
DnaJ	22	31
SH3_1	25	27
F-box	22	30
zf-CCHC	16	36
ADH_zinc_N	19	32
Methyltransf_12	20	31
FAD_binding_3	23	27
zf-RING_2	20	30
Metallophos	19	31
Ank_5	26	24
TPR_8	24	24
Methyltransf_31	20	28
Acetyltransf_1	19	28
Pyr_redox_2	19	28
Abhydrolase_6	18	28
SET	21	25
Abhydrolase_1	18	27
EF-hand_5	19	25
F-box-like	21	22
CBM_1	22	21
UQ_con	21	22
Hydrolase	22	20
ADH_N	14	27
SH3_9	19	22
Cyt-b5	19	21
AA_permease_2	18	22
FAD_binding_4	17	23
AA_permease	19	21
PP-binding	17	23
Asp	17	23
Aminotran_1_2	18	21
E1-E2_ATPase	20	19
Kinase-like	17	22
Abhydrolase_3	15	23
GTP_EFTU	17	21
Kelch_4	17	21
RuvB_N	18	20
C2	17	20
FAD_binding_2	15	22
Fungal_trans_2	19	18
Myb_DNA-binding	16	21
EF-hand_8	14	22
Na_Ca_ex	13	23
TPR_2	18	18
Aldo_ket_red	17	19
NAD_binding_10	15	21
Nucleoporin_FG	16	20
TRI12	15	20
SH3_2	17	18
EF-hand_1	16	18
RCC1	15	19
LRR_8	11	23
Proteasome	16	18
CBS	14	20
HLH	14	19
Prenyltrans	16	17
HATPase_c	11	21
Glyco_hydro_61	18	14
zf-C3HC4_2	15	17
LSM	12	20
3Beta_HSD	13	18
Acetyltransf_10	13	18
DAO	12	18
Ubie_methyltran	14	16
ubiquitin	14	16
PX	13	17
Gtr1_RagA	10	20
UCH_1	12	17
Pyr_redox	14	15
Amino_oxidase	9	20
PH	11	18
NUDIX	13	16
AAA_2	13	16
UCH	13	16
zf-RING_UBOX	13	16
Arm	14	15
Kelch_5	11	18
Thioredoxin	13	15
Aminotran_5	13	15
CBFD_NFYB_HMF	12	15
ADH_zinc_N_2	11	16
AMP-binding_C	14	13
PCI	13	14
zf-C3HC4_3	15	12
Hydrolase_4	11	16
Aldedh	10	17
Actin	13	14
AAA_11	10	16
NAD_binding_1	12	14
Response_reg	9	17
FMO-like	6	19
IBR	8	17
EF-hand_7	11	14
Dynamin_N	9	16
HMG_box	10	14
ABC2_membrane	13	11
Bromodomain	11	13
RabGAP-TBC	11	13
RhoGAP	9	15
NAD_binding_4	10	14
Rad60-SLD	10	14
zf-met	9	15
Glyco_hydro_16	9	15
PAS_9	5	19
COesterase	11	13
TPR_1	12	12
TauD	11	13
ThiF	9	14
GTP_EFTU_D2	10	13
Kinesin	10	13
NAD_binding_6	10	13
PQ-loop	11	12
NmrA	10	13
PHD	10	13
ANAPC4_WD40	12	11
Myb_DNA-bind_6	9	14
PPR_3	12	11
K_oxygenase	8	14
EF-hand_6	8	14
HSP70	9	13
Amidohydro_1	6	16
CFEM	8	14
BRCT	11	11
Microtub_bd	10	12
Peptidase_S8	9	13
GATase	9	13
Kelch_3	9	13
Hexapep	10	12
Condensation	11	11
AAA_19	8	14
Cation_ATPase	11	11
Histone	8	13
Kelch_1	9	12
His_Phos_1	10	11
CH	9	12
ketoacyl-synt	9	12
S1	11	10
DUF1996	11	10
2-Hacid_dh_C	10	11
tRNA-synt_1	10	11
BTB	8	13
Ish1	7	14
Pro_isomerase	10	11
WW	10	11
Ferric_reduct	9	11
Cpn60_TCP1	10	10
FHA	10	10
PALP	9	11
Glyco_hydro_76	10	10
RCC1_2	8	12
APH	10	10
Peptidase_S9	9	11
Rhodanese	11	9
BBE	9	11
Chromo	7	13
GMC_oxred_C	10	10
Glyco_hydro_18	7	13
FAD_binding_8	9	10
LIM	9	10
GMC_oxred_N	10	9
Peptidase_M24	8	11
Clathrin	9	10
Cation_efflux	8	11
Acetyltransf_7	8	11
CN_hydrolase	7	12
Pectate_lyase_3	8	11
GDP_Man_Dehyd	7	12
zf-CCCH	8	11
TAXi_N	8	11
Lactamase_B	6	13
Cys_Met_Meta_PP	10	9
RmlD_sub_bind	7	11
HA2	9	9
Methyltransf_16	8	10
Peptidase_M28	10	8
SRPRB	7	11
AAA_12	7	11
Glyco_tranf_2_3	9	9
LysM	4	14
HisKA	5	13
OB_NTP_bind	9	9
ATP-grasp	8	10
Zip	9	9
NAD_binding_2	6	12
Glyco_trans_2_3	7	11
CPSase_L_D2	8	10
DUF676	9	9
SUR7	8	10
Hydrolase_like	9	9
Dala_Dala_lig_C	7	10
Adaptin_N	9	8
Ketoacyl-synt_C	6	11
GATA	6	11
AAA_16	7	10
Acyl_transf_1	6	11
PI3_PI4_kinase	8	9
Hydrolase_3	9	8
Cation_ATPase_N	9	8
PTCB-BRCT	8	9
ECH_1	9	8
Polysacc_synt_2	7	10
OPT	6	11
HEAT_2	9	8
Glyco_hydro_47	7	10
TPR_19	10	7
bZIP_1	6	11
HMA	8	9
Septin	8	9
Lipase_GDSL	8	9
ECH_2	9	8
Cyclin_N	7	10
Glyco_hydro_3	7	10
Lipase_GDSL_2	9	8
FeoB_N	8	9
Peptidase_M16_C	8	9
CorA	5	11
Cyclin	8	8
Fn3-like	7	9
FR47	7	9
PfkB	7	9
Glyco_hydro_3_C	7	9
Cu-oxidase_3	5	11
NIF	6	10
Pribosyltran	8	8
Cu-oxidase_2	5	11
GST_N_3	9	7
Pyr_redox_3	6	10
Clr5	6	10
HECT	6	10
Complex1_LYR	6	10
dCMP_cyt_deam_1	6	10
SPX	8	8
IBN_N	7	9
bZIP_2	7	9
AAA_30	6	10
Tyrosinase	6	9
Acyl-CoA_dh_1	6	9
CDH-cyt	7	8
SAM_2	6	9
tRNA-synt_2	7	8
HMG_box_2	6	9
DSPc	6	9
HEAT	7	8
CVNH	6	9
Aminotran_3	5	10
Peptidase_M20	7	8
NACHT	4	11
Biotin_lipoyl	7	8
TPR_10	6	9
Cu-oxidase	5	10
Aa_trans	7	8
SIR2	6	9
PP2C	7	8
Amidohydro_3	5	10
HAD_2	6	9
Exo_endo_phos	5	10
zf-C2H2_jaz	7	8
Chitin_synth_2	7	8
Acyl-CoA_dh_N	6	9
DLH	5	10
cNMP_binding	5	10
Cellulase	8	7
ATP-synt_C	7	8
Alpha-amylase	5	10
Cation_ATPase_C	8	7
G-patch	6	8
Pyridoxal_deC	7	7
Proteasome_A_N	7	7
HEAT_EZ	7	7
Acyl-CoA_dh_2	6	8
JAB	7	7
DUF3433	7	7
SNARE	5	9
FAD_binding_6	6	8
GST_N_2	7	7
GST_C	6	8
SMC_N	7	7
PPR	7	7
Acyl-CoA_dh_M	6	8
PPTA	7	7
Methyltransf_2	5	9
zf-rbx1	6	8
MARVEL	6	8
PS-DH	5	9
GST_C_2	6	8
TPR_7	6	8
Patatin	5	9
Y_phosphatase	7	7
Ubiquitin_2	6	8
tRNA-synt_1g	7	7
tRNA_anti-codon	5	9
Snf7	6	7
Thiolase_N	7	6
PHM7_cyt	6	7
Cofilin_ADF	6	7
Peptidase_M16	6	7
tRNA-synt_2b	5	8
BAR	6	7
2OG-FeII_Oxy_3	5	8
VWA_2	6	7
TPR_12	5	8
RhoGEF	6	7
zf-MYND	5	8
PAP2	6	7
HGTP_anticodon	5	8
Glyoxalase	8	5
Oxysterol_BP	5	8
MCM	7	6
RasGAP	4	8
Ion_trans	6	6
Iso_dh	5	7
Homeobox	5	7
EF-hand_4	6	6
MCM_N	6	6
Radical_SAM	6	6
MCM_OB	6	6
Fasciclin	7	5
Thiolase_C	6	6
Dynamin_M	4	8
GFA	5	7
Clat_adaptor_s	6	6
Annexin	3	9
GST_C_3	6	6
DnaJ_C	5	7
ApbA_C	4	8
Glyco_trans_1_4	6	6
Glycos_transf_1	5	7
SAP	4	8
HhH-GPD	5	7
GST_N	6	6
Hce2	3	9
MafB19-deam	4	8
ApbA	4	8
PAS_3	2	10
FMN_dh	5	7
Usp	3	9
CUE	5	7
zf-RING_11	4	8
VWA	6	6
CMAS	6	6
EFG_C	5	7
Amidase	4	8
Velvet	6	6
UBA	6	6
zf-RING_5	4	8
DUF3716	2	10
DUF3659	6	6
MreB_Mbl	5	7
2OG-FeII_Oxy_2	6	6
CRAL_TRIO	5	6
AAA_22	6	5
6PF2K	4	7
RSN1_TM	5	6
RNase_PH	5	6
Phosphodiest	4	7
FA_desaturase	5	6
4HBT	5	6
CDP-OH_P_transf	4	7
DHHC	5	6
Sec7	4	7
PC_rep	5	6
PA	6	5
Xpo1	5	6
PI-PLC-X	5	6
CS	4	7
LAGLIDADG_1	0	11
zf-C2H2_4	6	5
MTS	4	7
Cupin_2	3	8
Acyltransferase	6	5
Peptidase_C2	5	6
Mg_chelatase	5	6
2-Hacid_dh	5	6
PPR_2	5	6
EFG_II	4	7
Dus	6	5
RSN1_7TM	5	6
FAA_hydrolase	4	7
Mpv17_PMP22	5	6
peroxidase	4	7
RVT_1	10	1
Ribonuclease_3	5	6
Aldose_epim	4	7
MBOAT	4	7
Lactamase_B_2	5	6
zf-ANAPC11	4	6
PDR_CDR	5	5
IF-2B	5	5
RWD	5	5
MutS_III	4	6
Xan_ur_permease	4	6
TPP_enzyme_N	4	6
MatE	2	8
Acyl_transf_3	5	5
Band_7	5	5
AAA_23	5	5
SAM_1	4	6
Cupin_8	5	5
TRP_N	5	5
Glyco_hydro_7	4	6
FYVE	5	5
Cnd1	5	5
RTA1	3	7
AAA_17	4	6
Complex1_LYR_2	3	7
Asparaginase_2	5	5
HMGL-like	4	6
Kdo	5	5
Anticodon_1	5	5
MIF4G	4	6
TFIIB	4	6
FA_hydroxylase	4	6
Transglut_core	3	7
BRCT_2	4	6
DnaJ_CXXCXGXG	4	6
Sulfate_transp	5	5
FSH1	4	6
Spc97_Spc98	5	5
Brix	5	5
TRP	5	5
MMS1_N	4	6
RasGEF_N	4	6
Sec63	5	5
Thioredoxin_2	5	5
Kelch_6	4	6
GHMP_kinases_N	5	5
Amidohydro_2	5	5
Mob1_phocein	4	6
Lipase_3	3	7
GFO_IDH_MocA	4	6
ABC1	5	5
HATPase_c_3	4	6
RNase_T	4	6
TPP_enzyme_C	4	6
TPT	4	6
Glycos_transf_2	4	6
RasGEF	4	6
DUF202	3	7
Ribosomal_L7Ae	5	5
Pribosyltran_N	4	6
MutS_V	4	6
Glyco_hydro_43	5	5
Inositol_P	5	5
Glyco_hydro_2	4	6
GTP_EFTU_D3	4	6
Polysacc_deac_1	5	5
Glyco_hydro_31	4	6
zf-Tim10_DDP	4	5
M20_dimer	4	5
XPG_I	4	5
NDT80_PhoG	2	7
FCH	5	4
PhoLip_ATPase_N	4	5
PhoLip_ATPase_C	4	5
Sod_Fe_C	4	5
AhpC-TSA	4	5
Peptidase_C48	3	6
DUF3176	1	8
Rad4	3	6
JmjC	4	5
RNA_pol_L	4	5
PEMT	4	5
R3H	4	5
PLDc	3	6
XPG_N	4	5
SKI	4	5
PCMT	5	4
His_Phos_2	3	6
Glyco_transf_15	4	5
Tubulin	4	5
TPP_enzyme_M	3	6
Myosin_head	4	5
FGGY_C	4	5
FtsJ	4	5
DUF3405	5	4
Con-6	4	5
Mg_trans_NIPA	4	5
GPI-anchored	4	5
Gln-synt_C	4	5
Cullin	4	5
Flavodoxin_1	4	5
Aconitase	5	4
ArfGap	4	5
Tubulin_C	4	5
Rad17	5	4
CRAL_TRIO_N	4	5
2OG-FeII_Oxy	3	6
Na_H_Exchanger	4	5
DEP	4	5
Redoxin	4	5
Sld5	4	5
STAS	4	5
Mo-co_dimer	3	6
UPRTase	3	6
Glyco_hydro_71	2	7
PrmA	5	4
ADK	4	5
Pribosyl_synth	4	5
Glyco_transf_21	5	4
PGAP1	5	4
Glyco_hydro_10	5	4
SNase	5	4
FAD_binding_1	4	5
Tim17	5	4
RGS	4	5
UBX	6	3
NMO	5	4
Hexokinase_2	3	5
DUF1295	3	5
Glyco_transf_22	4	4
Hexokinase_1	3	5
Glyco_transf_28	3	5
DNA_pol_B_exo1	3	5
Peptidase_C12	3	5
ATP-synt_ab	4	4
Kelch_2	4	4
Glutaredoxin	3	5
ABC_trans_N	4	4
Steroid_dh	3	5
RdRP	5	3
cobW	4	4
Glyco_hydro_72	3	5
GATase_7	4	4
Prok-RING_4	4	4
FAT	4	4
Phe_hydrox_dim	3	5
PIF1	2	6
FAD-oxidase_C	4	4
G-alpha	4	4
SMC_hinge	4	4
ATP-synt_ab_N	4	4
PLDc_2	3	5
Aconitase_C	4	4
S4	4	4
F420_oxidored	3	5
CLTH	4	4
IMPDH	4	4
Ctr	4	4
EMP24_GP25L	4	4
HIT	4	4
Aminotran_4	4	4
Transket_pyr	4	4
Sec1	4	4
LRR_4	2	6
DHquinase_I	4	4
IMS_C	3	5
Ligase_CoA	3	5
GATase_6	4	4
DNA_pol3_delta2	4	4
DIOX_N	3	5
Glyco_hydro_2_C	3	5
Beta-lactamase	1	7
PI-PLC-Y	4	4
MutS_I	4	4
VPS9	3	5
DHDPS	4	4
DcpS_C	4	4
Hexapep_2	3	5
Adap_comp_sub	4	4
GHMP_kinases_C	4	4
Fer4	3	5
TGS	3	5
Citrate_synt	3	5
DJ-1_PfpI	4	4
DUF3818	3	5
ZZ	4	4
tRNA-synt_2d	4	4
AAA_33	4	4
KAsynt_C_assoc	3	5
VHS	4	4
Rieske	4	4
Beta_elim_lyase	5	3
Inhibitor_I9	4	4
Synaptobrevin	4	4
ACAS_N	4	4
DNA_pol_B	4	4
CAP_GLY	4	4
FKBP_C	4	4
FF	4	4
ANAPC3	3	5
MitMem_reg	4	4
A_deaminase	2	6
Prefoldin_2	4	4
tRNA-synt_1b	4	4
PWI	3	5
Ribosomal_L6	4	4
Hydrolase_6	3	5
DUF1772	3	5
MoCF_biosynth	2	6
AMP_N	3	5
Whi5	3	5
IMS	3	5
Hist_deacetyl	4	4
Dioxygenase_C	4	4
MutS_II	4	4
Shikimate_dh_N	4	4
CoA_trans	4	4
Rhomboid	3	5
CbiA	4	4
Forkhead	4	4
Pkinase_C	4	4
PB1	4	4
DUF4217	4	4
Syja_N	4	4
PAS	1	7
Putative_PNPOx	4	4
Vps4_C	3	5
ClpB_D2-small	3	4
uDENN	2	5
AAA_18	3	4
FATC	4	3
TRAPP	3	4
zf-RanBP	3	4
CENP-T_C	3	4
AA_kinase	3	4
HTH_Tnp_Tc5	3	4
Biotin_carb_C	3	4
CTP_transf_like	4	3
Ammonium_transp	3	4
FAR1	3	4
ARID	3	4
PS_Dcarbxylase	3	4
PAP_assoc	3	4
Say1_Mug180	3	4
EamA	5	2
3HCDH_N	3	4
Acetyltransf_3	2	5
Glu_synthase	3	4
PMT	3	4
Arrestin_N	3	4
Peptidase_A4	5	2
ATP_bind_3	4	3
GRAM	2	5
BetaGal_dom4_5	2	5
Lactamase_B_3	3	4
GDPD	3	4
Sulfatase	3	4
An_peroxidase	2	5
MOSC	2	5
MFS_2	3	4
Semialdhyde_dh	3	4
Ran_BP1	3	4
U-box	3	4
Esterase	2	5
CBF	4	3
TPR_14	3	4
Ribosomal_60s	3	4
DUF1752	3	4
CoA_transf_3	3	4
NAD_binding_11	3	4
Vps5	3	4
Sod_Cu	3	4
VWA_3	3	4
DUF3328	0	7
DNA_ligase_A_M	3	4
Ldh_1_N	3	4
GCD14	4	3
Syntaxin	2	5
FGGY_N	4	3
NAD_binding_9	3	4
UBA_4	2	5
Sedlin_N	4	3
ACPS	3	4
GIDA	4	3
Peptidase_S28	3	4
Esterase_phd	3	4
HCO3_cotransp	2	5
CNH	3	4
PHM7_ext	3	4
PIP5K	3	4
Peptidase_S10	3	4
Peptidase_M22	3	4
polyprenyl_synt	4	3
Gly_transf_sug	3	4
Ldh_1_C	3	4
MaoC_dehydratas	3	4
Ribonucleas_3_3	2	5
GAT	3	4
Voltage_CLC	3	4
UDPG_MGDP_dh_N	1	6
tRNA_SAD	2	5
His_biosynth	2	5
DNA_ligase_A_N	3	4
AFG1_ATPase	4	3
zf-C2H2_6	3	4
LisH	3	4
Biotin_carb_N	3	4
MAPEG	2	5
14-3-3	3	4
UAA	3	4
Alk_phosphatase	3	4
ATP_bind_1	4	3
PMT_4TMC	3	4
Shikimate_DH	4	3
DENN	2	5
MIR	3	4
RasGAP_C	2	5
TPR_11	3	4
Cullin_Nedd8	3	4
CTD_bind	3	4
CPSF_A	3	4
AAA_21	4	2
Thi4	1	5
DegT_DnrJ_EryC1	2	4
DSBA	3	3
C1_1	3	3
Glyco_hydro_11	4	2
E1_dh	3	3
PEP_mutase	2	4
3HCDH	2	4
Git3	3	3
DNA_pol_E_B	3	3
L51_S25_CI-B8	3	3
tRNA-synt_1c	3	3
HAD	2	4
zf-UBP	3	3
HSF_DNA-bind	3	3
Chitin_synth_1	3	3
DNA_mis_repair	2	4
Chorismate_bind	2	4
Chitin_synth_1N	3	3
Bac_luciferase	0	6
SLAC1	2	4
Sec23_BS	3	3
Dioxygenase_N	3	3
RNA_pol_Rpb1_3	3	3
Arginase	1	5
zf-Sec23_Sec24	3	3
Vps51	3	3
PGM_PMM_I	3	3
Patched	3	3
FAD_oxidored	3	3
Acatn	3	3
DUF4360	4	2
Fructosamin_kin	4	2
NIR_SIR_ferr	3	3
Nup160	4	2
MOZ_SAS	3	3
Fer2	2	4
Ribonuc_L-PSP	3	3
Skp1_POZ	2	4
DUF155	3	3
AdoHcyase	2	4
TAF	3	3
Glyco_transf_20	3	3
Sas10_Utp3	3	3
HeLo	3	3
RNA_pol_Rpb1_4	3	3
E3_binding	3	3
DUF4965	3	3
MutS_IV	3	3
Fringe	3	3
Haspin_kinase	4	2
Ribosomal_L1	3	3
2-oxoacid_dh	3	3
Asn_synthase	3	3
TFIIS_C	2	4
NAT	2	4
Glyco_hydro_6	3	3
Pex24p	1	5
V-SNARE_C	3	3
PXB	2	4
HAGH_C	1	5
Bromo_TP	3	3
OTU	2	4
ParA	3	3
Sec16_C	2	4
Peptidase_M1	3	3
zf-CHY	3	3
Catalase-rel	3	3
DUF3336	3	3
Glyco_transf_90	2	4
NIR_SIR	3	3
zf-AN1	3	3
BSD	3	3
Rtt106	3	3
Longin	3	3
zf-C2H2_2	3	3
Nop	3	3
GED	4	2
zf-MIZ	3	3
ENTH	3	3
DUF3602	3	3
Isochorismatase	3	3
DNA_ligase_A_C	3	3
Rep_fac_C	3	3
Peptidase_M14	4	2
RNA_pol_Rpb1_1	3	3
Formyl_trans_N	3	3
Hemerythrin	4	2
CwfJ_C_1	3	3
PXA	3	3
Catalase	3	3
Alg6_Alg8	3	3
Rad51	3	3
RNA_pol_Rpb1_2	3	3
UDPGT	2	4
ACT	3	3
Cutinase	3	3
THF_DHG_CYH_C	2	4
Anp1	3	3
Arrestin_C	3	3
MOR2-PAG1_mid	3	3
SQS_PSY	2	4
IDO	3	3
BCS1_N	3	3
MOSC_N	2	4
Pex2_Pex12	3	3
NtCtMGAM_N	2	4
PAP1	2	4
Alpha_adaptinC2	3	3
Spc7_N	3	3
DUF829	2	4
Lyase_1	3	3
Metallophos_2	2	4
EFG_IV	3	3
THF_DHG_CYH	2	4
Thr_dehydrat_C	2	4
SWIRM	3	3
BCDHK_Adom3	3	3
PhoD	2	4
DUF2427	2	4
Pro-kuma_activ	3	3
Sterol-sensing	3	3
Acetyltransf_9	2	4
DNA_methylase	3	3
Ysc84	3	3
PBD	2	4
NAD_kinase	3	3
Lactonase	3	3
RNA_pol_Rpb2_7	3	3
NOT2_3_5	2	4
DUF4243	4	2
TRAM_LAG1_CLN8	3	3
DUF726	3	3
Sec7_N	3	3
SRP54	2	4
SHS2_Rpb7-N	3	3
RNA_pol_Rpb2_2	3	3
PAP2_3	3	3
Surp	3	3
Choline_kinase	2	4
RNA_pol_Rpb1_5	3	3
RF-1	3	3
Cyclin_C	3	3
ERCC4	3	3
RNB	3	3
RIO1	3	3
RNA_pol_Rpb2_3	3	3
IU_nuc_hydro	2	4
Sec23_trunk	3	3
PseudoU_synth_1	2	4
Glyco_hydro_cc	2	4
AIRS_C	3	3
GAF	2	4
CRAL_TRIO_2	3	3
RNA_pol_Rpb2_1	3	3
zf-HC5HC2H	3	3
GIT_SHD	2	4
Pro_CA	3	3
Utp12	3	3
Oxidored_FMN	3	3
Sec23_helical	3	3
TGT	3	3
NTP_transf_2	3	3
DUF3129	4	2
SIS	3	3
IF4E	3	3
Glyco_hydro_125	3	3
Transketolase_C	3	3
Glyco_transf_8	2	4
BolA	3	3
RNA_pol_Rpb2_6	3	3
CHORD	2	4
Sacchrp_dh_NADP	3	3
Ribosomal_S2	3	3
HR1	3	3
Meth_synt_2	3	3
Phos_pyr_kin	3	3
PAH	2	4
Histone_H2A_C	2	4
zf-HC5HC2H_2	3	3
Oxidored_molyb	2	4
eIF2A	4	2
PAS_4	2	4
Transp_cyt_pur	2	3
PAZ	2	3
Glyco_hydro_63	2	3
GTP_cyclohydro2	2	3
DNA_pol_A_exo1	2	3
ZT_dimer	2	3
Asparaginase	1	4
ArgoL2	2	3
Peptidase_C14	3	2
Dabb	2	3
MPC	2	3
DUF1748	1	4
PMI_typeI	3	2
MR_MLE_C	3	2
Ribosomal_L10	2	3
Thioredoxin_6	3	2
RNA_pol_L_2	2	3
PhyH	2	3
DUF3605	2	3
Malic_M	2	3
RRM_5	2	3
OST3_OST6	2	3
DUF4782	2	3
Chs3p	3	2
DER1	2	3
4HBT_3	3	2
CBM_20	2	3
Methyltr_RsmB-F	3	2
AP_endonuc_2	2	3
Drf_GBD	3	2
Abhydrolase_2	3	2
SE	2	3
7tm_2	2	3
SAC3_GANP	2	3
F_bP_aldolase	2	3
G_glu_transpept	3	2
Sigma54_activat	2	3
PNP_UDP_1	1	4
Toprim	2	3
Cauli_VI	3	2
DUF1751	2	3
AraC_binding	2	3
eIF-5_eIF-2B	2	3
Nuc_sug_transp	2	3
Metalloenzyme	1	4
CDC48_2	2	3
Cytochrom_B561	2	3
HDA2-3	2	3
PRP4	2	3
Glyco_transf_34	2	3
UBA_e1_thiolCys	2	3
RecQ_Zn_bind	2	3
UvrD_C_2	1	4
Anth_synt_I_N	2	3
DAGK_cat	2	3
LON_substr_bdg	3	2
UbiA	2	3
malic	2	3
zf-HIT	2	3
LCM	2	3
Diphthamide_syn	2	3
TPR_6	2	3
Fcf1	2	3
ERG4_ERG24	2	3
Dicty_CAR	2	3
Sybindin	2	3
Ydc2-catalyt	2	3
DUF3712	2	3
Pmp3	1	4
PHD_2	2	3
AAA_3	3	2
TBCC_N	1	4
ICL	2	3
PH_5	2	3
Rotamase_3	2	3
TLD	2	3
PTPA	3	2
TBCC	1	4
Glyco_hydro_2_N	2	3
RMMBL	2	3
Peptidase_S24	2	3
Ribosomal_L4	2	3
NDUFA12	2	3
IPK	2	3
AMPK1_CBM	3	2
SPRY	3	2
ArgoN	2	3
Ribosomal_S8e	2	3
ArgoL1	2	3
DUF3237	3	2
zf-NF-X1	3	2
DEK_C	2	3
HlyIII	2	3
Proton_antipo_M	0	5
ILVD_EDD	3	2
CPSase_sm_chain	2	3
Piwi	2	3
SOG2	2	3
RNA_POL_M_15KD	2	3
Rad9	2	3
Rotamase	2	3
HSP20	2	3
Fig1	2	3
ATP-grasp_2	2	3
ABC_tran_Xtn	3	2
Y_phosphatase3	2	3
DUF4414	2	3
PEX11	2	3
Gln-synt_N	2	3
Ribosom_S12_S23	2	3
CRC_subunit	2	3
Vac7	2	3
STPPase_N	2	3
PUA	2	3
RTC	2	3
DHO_dh	3	2
SGL	2	3
SHMT	2	3
NTP_transferase	3	2
CoA_binding	2	3
Sod_Fe_N	2	3
Ferritin_2	3	2
SnoaL_4	2	3
Homeobox_KN	3	2
Lactamase_B_6	2	3
Acetyltransf_8	3	2
DUF1479	3	2
Beta-Casp	2	3
Ribosomal_L13	2	3
ASXH	1	4
Fer4_10	2	3
Pyr_redox_dim	2	3
Ifi-6-16	0	5
CAF1	2	3
WLM	2	3
HIRAN	2	3
KGG	2	3
IQ	3	2
Bac_rhodopsin	2	3
Gelsolin	3	2
HORMA	2	3
Glycogen_syn	1	4
TB2_DP1_HVA22	2	3
Met_10	3	2
ING	2	3
Gal_mutarotas_2	2	3
NTF2	2	3
G-patch_2	2	3
NAD_synthase	2	3
DUF4246	5	0
Cupin_1	1	4
BAH	3	2
DUF572	2	3
Yippee-Mis18	2	3
Carn_acyltransf	3	2
Ribosomal_S8	2	3
Glyco_hydro_15	3	2
DUF2034	2	2
XFP_C	2	2
NAPRTase	2	2
Ribosomal_S11	2	2
UPF0029	2	2
Ku_N	2	2
Ribosomal_S9	2	2
RNase_P_pop3	2	2
FDF	2	2
La	2	2
XFP	2	2
YEATS	2	2
DNA_pol_B_palm	2	2
P_proprotein	1	3
RrnaAD	2	2
XRN_N	2	2
RCR	2	2
Flavin_Reduct	2	2
Nup188	2	2
DUF2263	2	2
APS_kinase	2	2
NOP5NT	2	2
ERAP1_C	2	2
UDPG_MGDP_dh_C	1	3
Ku	2	2
Sortilin-Vps10	2	2
Ribosomal_L22	2	2
MutL_C	2	2
MA3	2	2
DUF3445	1	3
PPR_long	2	2
EST1_DNA_bind	2	2
Methyltransf_33	2	2
Yip1	2	2
YL1_C	2	2
tRNA-synt_1_2	2	2
MFS_MOT1	2	2
Choline_kin_N	1	3
SNF5	2	2
EMP70	2	2
APG12	2	2
GDA1_CD39	2	2
BIR	2	2
UDPGP	2	2
CDC45	2	2
Tcp11	2	2
Clathrin_propel	2	2
Pil1	2	2
Carboxyl_trans	2	2
Cse1	2	2
OTCace_N	2	2
TruB_C_2	2	2
Porin_3	2	2
Ribosomal_L2	2	2
Ribosomal_L14	2	2
PLA2_B	2	2
Ribosomal_L5	2	2
Helicase_C_2	2	2
UPF0183	2	2
Glyco_hydro_17	1	3
SurE	3	1
Gar1	2	2
RIBIOP_C	2	2
Seryl_tRNA_N	2	2
Fe-ADH_2	2	2
TRAM1	2	2
Ribosomal_L23	2	2
Coa1	2	2
RNA_pol_Rpb2_4	2	2
DNA_pol_B_thumb	2	2
RA	2	2
LrgB	2	2
Ceramidse_alk_C	2	2
MS_channel	2	2
BHD_2	2	2
Sortilin_C	2	2
Sirohm_synth_M	2	2
SBDS	2	2
Ion_trans_2	0	4
Hydantoinase_A	1	3
DUF4045	2	2
Cnn_1N	2	2
DASH_Spc34	2	2
TRM	2	2
Ribosomal_S13	2	2
HUN	1	3
PGP_phosphatase	2	2
CLASP_N	2	2
NUC153	2	2
AIM24	2	2
eRF1_1	2	2
CAP	1	3
SUI1	2	2
tRNA-synt_1e	2	2
Got1	2	2
BHD_3	2	2
CK_II_beta	2	2
LCCL	2	2
Glyco_tran_28_C	1	3
ArsA_ATPase	2	2
UPF0016	2	2
Ribosomal_L3	2	2
GST_N_4	2	2
tRNA-synt_1c_C	2	2
Ribosomal_S19	2	2
DUF604	2	2
MTHFR	2	2
LCAT	3	1
WHIM1	2	2
GIY-YIG	1	3
Ssl1	2	2
DHR-2	1	3
DUF4470	1	3
JmjN	2	2
Suc_Fer-like	2	2
Trehalase	2	2
DUF5127	2	2
ERCC3_RAD25_C	2	2
dDENN	1	3
5_nucleotid_C	2	2
Cu_amine_oxid	2	2
Nucleopor_Nup85	2	2
TFIID-18kDa	2	2
Mannosyl_trans3	2	2
VTC	2	2
W2	2	2
Peptidase_A22B	2	2
Transferase	1	3
DNA_pol_lambd_f	2	2
Guanylate_kin	2	2
Nucleoporin_C	2	2
Enolase_C	1	3
EPL1	2	2
XFP_N	2	2
Vac14_Fig4_bd	1	3
TFR_dimer	2	2
HTH_3	2	2
IF-2	2	2
EBP	2	2
PBP	1	3
NAC	2	2
RINGv	2	2
AZUL	2	2
Mcp5_PH	2	2
ACT_7	2	2
Yae1_N	2	2
BET	2	2
CLP1_P	2	2
zf-GRF	1	3
Ribosomal_S7	2	2
Dicer_dimer	2	2
DUF3455	2	2
ABC_membrane_2	2	2
PEPCK_ATP	3	1
UDPG_MGDP_dh	1	3
zf-U1	2	2
HSA	3	1
PRELI	2	2
Uds1	2	2
BAR_2	1	3
Dynein_heavy	2	2
MipZ	2	2
COX6B	2	2
OTCace	2	2
Mem_trans	2	2
Myb_DNA-bind_2	2	2
NAD_binding_7	2	2
Spermine_synth	2	2
TFIIS_M	2	2
CAF1C_H4-bd	2	2
GATase_4	2	2
Gti1_Pac2	2	2
TrkH	2	2
ACBP	2	2
Ribosomal_S6e	1	3
Sec2p	2	2
HHH_8	2	2
UDG	2	2
Prefoldin	2	2
RNA_pol_Rpb4	2	2
NAP	2	2
Ribosomal_L11_N	2	2
eIF-5a	2	2
Pectate_lyase	3	1
SWIB	2	2
PH_8	2	2
RLI	2	2
SLC12	2	2
Protoglobin	1	3
PH_10	2	2
Tom7	1	3
AARP2CN	2	2
SNO	2	2
Transthyretin	1	3
Nexin_C	2	2
RNA_pol_A_bac	2	2
Rad21_Rec8_N	2	2
PH_9	2	2
DUF971	2	2
DDHD	1	3
BRO1	2	2
TIP49	2	2
Tudor-knot	2	2
Aminotran_MocR	2	2
Rad1	2	2
RPN7	2	2
Myosin_N	2	2
Ribosomal_L5_C	2	2
DUF3632	1	3
Pox_MCEL	2	2
PAF-AH_p_II	1	3
UvrD-helicase	1	3
HIG_1_N	2	2
ATG27	2	2
GAF_2	2	2
GTP1_OBG	2	2
Frag1	2	2
Allantoicase	2	2
Ribosomal_S30	0	4
rRNA_proc-arch	2	2
EAP30	2	2
DEAD_2	2	2
ALIX_LYPXL_bnd	2	2
PE-PPE	2	2
HpcH_HpaI	2	2
PPR_1	2	2
PGM_PMM_IV	2	2
Ribosomal_L28e	2	2
Ribosomal_L16	2	2
Trypsin_2	1	3
MMR_HSR1_Xtn	2	2
ATG_C	2	2
Ribosomal_S15	2	2
zf-ZPR1	2	2
Nucleoporin_N	2	2
Peptidase_M3	2	2
Glyco_transf_4	2	2
COPIIcoated_ERV	2	2
CRCB	2	2
Flavoprotein	2	2
GDI	2	2
DUF1761	1	3
CwfJ_C_2	2	2
Ytp1	2	2
Sec10	2	2
Mac	2	2
Vac14_Fab1_bd	1	3
Ribosomal_L11	2	2
HAT	2	2
Globin	2	2
PDZ_1	2	2
ATP-grasp_3	1	3
BPL_LplA_LipB	3	1
DUF1640	2	2
Trehalose_PPase	2	2
RNA_pol_Rpb2_5	2	2
Ribosomal_L27A	2	2
Sec16	1	3
EFhand_Ca_insen	2	2
Peptidase_M41	2	2
DIL	2	2
NTP_transf_3	2	2
DUF2235	2	2
ER_lumen_recept	2	2
SAPS	1	3
Ribosomal_L2_C	2	2
Bax1-I	2	2
TBP	2	2
Lum_binding	2	2
LicD	1	3
ANTH	2	2
ELO	2	2
ADK_lid	2	2
Coatomer_WDAD	2	2
TIP120	1	3
BHD_1	2	2
Pex14_N	2	2
Ino80_Iec3	2	2
Sds3	2	2
Ribosomal_L30	2	2
Cyto_heme_lyase	2	2
TENA_THI-4	1	3
Uricase	2	2
PFK	2	2
PAN_4	0	4
LMBR1	2	2
GYF	2	2
CPSase_L_D3	2	2
RNA_ligase	1	3
Methyltransf_28	2	2
YjeF_N	2	2
Peptidase_M48	2	2
AlaDh_PNT_N	2	2
PAPS_reduct	1	3
Reprolysin_3	2	2
DOCK_N	1	3
PAP_central	2	2
GDC-P	2	2
PI3Ka	2	2
tRNA-synt_His	2	2
SRF-TF	2	2
PITH	2	2
Peptidase_S15	1	3
SUN	2	2
Lectin_leg-like	2	2
RecA	2	2
Lon_C	2	2
MIT	2	2
PAS_8	2	2
Hydant_A_N	1	3
ECR1_N	2	2
Ribosomal_S5_C	2	2
DSHCT	2	2
ELFV_dehydrog	2	2
Ribosomal_S4	2	2
DAHP_synth_1	2	2
ERGIC_N	2	2
Tropomyosin_1	1	3
MHYT	2	2
PRKCSH	2	2
MGS	2	2
Choline_transpo	2	2
Bac_surface_Ag	1	3
Pyrophosphatase	2	2
Sec3_C	2	2
Med26	2	2
SRP54_N	2	2
Cerato-platanin	2	2
Ribosomal_S5	2	2
PIG-U	2	2
Cmc1	2	2
Flavokinase	2	2
Tfb4	2	2
MoeA_N	1	3
Atg14	2	2
Macro	2	2
GATase_3	2	2
7tm_1	2	2
tRNA_int_endo	2	2
DUF4187	2	2
DUF1793	2	2
Alba	2	2
Ribosomal_L24e	2	2
Glyco_transf_41	2	2
Ribosomal_L40e	1	3
Reticulon	1	3
ArAE_2_N	2	2
Het-C	2	2
DCB	2	2
KilA-N	2	2
TP_methylase	2	2
PRKCSH-like	2	2
Translin	2	2
OTT_1508_deam	2	2
VCBS	4	0
eIF-1a	2	2
PRMT5	2	2
Ceramidase_alk	2	2
Evr1_Alr	2	2
DUF815	2	2
Enolase_N	1	3
DOCK-C2	1	3
TatD_DNase	2	2
eRF1_3	2	2
DUF814	2	2
eRF1_2	2	2
CHCH	2	2
Ribosomal_S17	2	2
Peptidase_M18	2	2
TruB_N	2	2
EXS	2	2
DUF3517	1	3
Smr	2	2
Ribosomal_S10	2	2
UFD1	2	2
Hpt	1	3
HEAT_PBS	2	2
AAA_31	2	2
DUF2433	1	2
Cornichon	1	2
Citrate_bind	1	2
PDH	1	2
Med12	1	2
NMT1	0	3
Proteasom_Rpn13	1	2
Malate_synthase	1	2
DUF3295	2	1
PepX_C	1	2
DNA_topoisoIV	1	2
Porphobil_deamC	1	2
Glyco_transf_5	1	2
Sin3a_C	1	2
ADH_N_2	1	2
COX5A	1	2
Solute_trans_a	1	2
FmdA_AmdA	1	2
HMG_CoA_synt_N	2	1
Nop52	1	2
AhpC-TSA_2	1	2
SLC35F	2	1
PUL	1	2
Trs65	1	2
COX6A	1	2
AAA_25	1	2
Glyco_hydro_92	1	2
zf-CSL	1	2
RPEL	1	2
CPSF100_C	1	2
4F5	1	2
tRNA-synt_2c	1	2
Dak1	1	2
Tau95	1	2
Avl9	1	2
PalH	2	1
VIT	1	2
Ceramidase	2	1
PTS_2-RNA	1	2
EI24	2	1
Vps54_N	2	1
zf-NPL4	1	2
N1221	1	2
Rogdi_lz	1	2
Methyltransf_15	1	2
Glyco_hydro_35	1	2
FTHFS	1	2
DUF4048	1	2
Prok-E2_B	1	2
SSF	1	2
SUZ	2	1
Linker_histone	1	2
NPR2	2	1
zf-RRN7	1	2
Prok-JAB	2	1
Peptidase_M43	1	2
APG6	1	2
Abi	1	2
Cytochrom_B_N_2	0	3
TFIIA_gamma_N	1	2
ORC3_N	2	1
FBPase	1	2
GWT1	1	2
IGPS	1	2
Glyco_hydro_36	2	1
PQQ_2	1	2
MT	1	2
E2_bind	1	2
DUF1776	1	2
Myotub-related	1	2
Not3	1	2
BRE1	1	2
CTD	1	2
S1-P1_nuclease	1	2
DUF3535	1	2
GTP_CH_N	1	2
Kinesin_assoc	1	2
Rit1_C	2	1
Topoisom_I_N	1	2
PTR2	1	2
Succ_CoA_lig	1	2
Mlh1_C	1	2
PARP	2	1
DUF3402	1	2
Vezatin	1	2
DIE2_ALG10	1	2
6PGD	1	2
Pur_ac_phosph_N	0	3
Sirohm_synth_C	1	2
Rap_GAP	1	2
DUF1275	1	2
DUF1100	1	2
SPA	2	1
DIM1	1	2
CDC48_N	1	2
Glyco_hydro_79C	1	2
Tim54	2	1
Ala_racemase_N	1	2
ABC2_membrane_3	1	2
SSB	1	2
MMM1	1	2
Stc1	1	2
QRPTase_N	1	2
DPM3	1	2
DUF3384	1	2
Vps62	2	1
PAPA-1	1	2
DUF866	2	1
WH2	2	1
DUF3437	1	2
MetW	1	2
GPI2	1	2
Lgl_C	1	2
DUF1749	2	1
Alpha-amylase_C	1	2
DUF3112	2	1
PINIT	1	2
Cu_amine_oxidN2	2	1
PDT	1	2
DUF2075	1	2
LETM1	1	2
Arginosuc_synth	1	2
SF3A2	1	2
Glyco_transf_25	1	2
Vfa1	1	2
ATG22	2	1
NIPSNAP	2	1
Glyco_hydro_64	0	3
Urease_beta	1	2
GXGXG	1	2
Mad3_BUB1_II	1	2
Acyltransf_C	2	1
DUF2985	1	2
AXE1	2	1
DNA_RNApol_7kD	2	1
Aldolase_II	1	2
DHC_N1	1	2
Methyltransf_4	1	2
DUF2401	0	3
Rpr2	1	2
Gryzun	1	2
Metallophos_C	0	3
DUF2403	0	3
FeS_assembly_P	1	2
CLIP1_ZNF	2	1
DPPIV_N	2	1
ORC6	1	2
CENP-S	1	2
RNase_H	1	2
DUF1966	1	2
UIM	1	2
PRMT5_TIM	1	2
GSH_synth_ATP	1	2
HBS1_N	1	2
TAL_FSA	1	2
ETF	1	2
Amidoligase_2	2	1
UvrD_C	2	1
PigN	2	1
DNA_gyraseB	1	2
RraA-like	1	2
APG9	2	1
Tim44	2	1
P34-Arc	1	2
DUF2405	1	2
DUF2406	1	2
Tom37	2	1
Apt1	1	2
Rad21_Rec8	1	2
Glyco_hydro_81	2	1
TIG	1	2
Cytochrome_B	0	3
Carb_anhydrase	1	2
Chorein_N	1	2
Sad1_UNC	1	2
Neurochondrin	1	2
LRR_9	1	2
DUF1929	1	2
Fer2_3	1	2
NT-C2	1	2
Ccdc124	1	2
SAT	2	1
DUF1729	1	2
Peptidase_C97	1	2
Zds_C	1	2
TruD	2	1
FRQ	0	3
EMG1	1	2
Reprolysin_4	1	2
Fmp27_WPPW	1	2
Sin3_corepress	1	2
Glyco_hydro_1	1	2
zf-UBR	1	2
DUF4981	1	2
DFP	1	2
NPL4	1	2
SprT-like	1	2
XPG_I_2	2	1
HCNGP	1	2
Zw10	1	2
Suf	2	1
DUF1771	1	2
Ribosomal_L37e	1	2
DUF3694	1	2
4HBT_2	1	2
Abhydrolase_4	2	1
PH_12	1	2
MSC	1	2
Fer4_20	1	2
CYSTM	2	1
CBM_21	1	2
PK_C	1	2
Abhydro_lipase	1	2
Urease_alpha	1	2
AdoHcyase_NAD	1	2
KOW	1	2
Dynein_light	1	2
AAA_6	1	2
Calpain_III	1	2
Bgal_small_N	1	2
Jacalin	1	2
ATG7_N	1	2
Glyco_hydro_12	1	2
Ribosomal_L18A	1	2
DUF1993	1	2
Cir_N	1	2
BLM10_mid	1	2
Topo_C_assoc	1	2
mRNA_cap_enzyme	1	2
Helicase_RecD	2	1
Chitin_bind_1	2	1
Reprolysin_5	2	1
AdenylateSensor	1	2
Rubis-subs-bind	1	2
RimK	1	2
Fer4_7	1	2
vATP-synt_E	1	2
Vps39_2	1	2
NUDE_C	1	2
Autophagy_act_C	1	2
Anillin	1	2
AAA_9	1	2
Dna2	1	2
AlaDh_PNT_C	1	2
Urease_gamma	1	2
Proton_antipo_N	0	3
Lung_7-TM_R	2	1
Cyanate_lyase	1	2
BUD22	1	2
DUF3636	1	2
GATase_2	1	2
Hamartin	1	2
Fe-S_biosyn	1	2
Tuberin	1	2
PIR	1	2
TIM	1	2
Cas_Cas4	1	2
NLE	1	2
PRAI	1	2
Glyco_hydro_28	1	2
Phosducin	1	2
EcKinase	2	1
S-AdoMet_synt_N	1	2
Aft1_HRR	1	2
SHD1	1	2
Helo_like_N	0	3
Methyltransf_24	1	2
AAA_8	1	2
Pectinesterase	1	2
Fer4_9	1	2
Glucosamine_iso	1	2
PDZ_2	1	2
Cupin_4	1	2
KIF1B	1	2
Fmp27_SW	1	2
DUF1688	1	2
CBM_48	1	2
Methyltransf_18	1	2
PRMT5_C	1	2
Glyco_hydro_45	2	1
DUF4336	1	2
S-AdoMet_synt_C	1	2
Peptidase_C26	1	2
Topoisom_I	1	2
DUF4188	2	1
BetaGal_dom2	1	2
Ribosomal_L36e	2	1
Taxilin	1	2
Glyco_hydro_63N	1	2
Mt_ATP-synt_D	1	2
DNA_binding_1	1	2
EXOSC1	2	1
Fmp27_GFWDK	1	2
DUF846	1	2
OCD_Mu_crystall	2	1
DAD	2	1
DUF2838	1	2
Spherulin4	1	2
Thioesterase	2	1
PSDC	1	2
TIP41	1	2
LIDHydrolase	1	2
POT1	1	2
CSN8_PSD8_EIF3K	1	2
UNC-93	1	2
DHC_N2	1	2
Med5	2	1
eIF_4G1	1	2
IKI3	1	2
UBD	1	2
Aft1_HRA	1	2
NUMOD3	0	3
Guanylate_cyc	1	2
Acid_PPase	1	2
TTL	2	1
zf-TRAF	2	1
UAE_UbL	1	2
zf-LYAR	1	2
Stn1	1	2
Glyoxalase_4	2	1
Porphobil_deam	1	2
CRT10	1	2
DUF2183	1	2
QRPTase_C	1	2
ELMO_CED12	1	2
PDEase_I	1	2
PDEase_II	1	2
HHH	1	2
Pal1	1	2
Ufd2P_core	1	2
SMN	1	2
Tctex-1	1	2
SMK-1	1	2
DUF3361	1	2
Prenylcys_lyase	2	1
DRMBL	1	2
Sec39	2	1
Sec3-PIP2_bind	1	2
CP2	1	2
Ecl1	1	2
zf-CCHC_3	1	2
Misat_Tub_SegII	2	1
DUF1917	1	2
Vps16_C	1	2
MFS_4	1	2
LuxC	1	2
FGE-sulfatase	1	2
AOX	1	2
DUF2407	2	1
IATP	1	2
Glycohydro_20b2	1	2
Glu_syn_central	1	2
GCV_T	1	2
HK	1	2
DUF4208	1	2
ICMT	1	2
ChlI	1	2
Copper-fist	1	2
Dak2	1	2
zf-C4pol	1	2
GSH_synthase	1	2
CBM53	1	2
MoeA_C	1	2
IPP-2	1	2
CAP59_mtransfer	1	2
Tyr-DNA_phospho	1	2
Thiamine_BP	1	2
PRK	1	2
PK	1	2
ADP_ribosyl_GH	2	1
Exo_endo_phos_2	3	0
TF_Zn_Ribbon	1	2
Nramp	1	2
Aft1_OSA	1	2
Ribosomal_S14	1	2
Ppx-GppA	1	2
UCR_hinge	1	2
TOPRIM_C	1	2
N_BRCA1_IG	1	2
Glyco_hydro_20	1	2
Ribosomal_S27	1	2
Profilin	1	2
PseudoU_synth_2	1	2
mRNA_cap_C	1	2
DUF4448	1	2
ATG16	1	2
Fmp27	1	2
Gpi1	2	1
AAA_7	1	2
S-AdoMet_synt_M	1	2
Hydantoinase_B	1	2
Skp1	1	2
Methyltransf_3	1	2
MaoC_dehydrat_N	1	2
LMWPc	2	1
Ad_cyc_g-alpha	1	2
CPDase	1	2
MBOAT_2	1	2
VIT_2	1	2
GDE_C	1	2
BAR_3	1	2
DUF2293	1	2
Rib_5-P_isom_A	1	2
Phospholip_A2_3	1	2
Dor1	2	1
Endosulfine	1	2
NB-ARC	1	2
Ldh_2	1	2
PhoD_N	1	2
HeH	1	2
DUF2408	2	1
BetaGal_dom3	1	2
XLF	1	2
Ribosomal_S21e	1	2
GFO_IDH_MocA_C	1	2
Zn_ribbon_17	1	2
FUSC_2	1	2
cNMPbd_u2	1	2
Y_phosphatase2	2	1
BLM10_N	1	2
GGACT	2	1
Ecm33	1	2
TFIIA_gamma_C	1	2
PHO4	1	2
AltA1	0	3
Methyltransf_10	2	1
Topoisom_bac	1	1
TAF8_C	1	1
OPA3	1	1
COPI_assoc	1	1
DUF1524	1	1
NACHT_N	1	1
ATP-synt_Eps	1	1
YccV-like	1	1
CDC37_C	1	1
zf-C3H1	0	2
SURF6	1	1
Ipi1_N	0	2
B-block_TFIIIC	1	1
GLE1	1	1
zf-Nse	1	1
NUFIP1	1	1
E1_4HB	1	1
Glyco_trans_4_4	1	1
Trp_syntA	1	1
Pirin_C	1	1
NopRA1	1	1
Fer4_12	1	1
ATP_synt_H	1	1
TAN	1	1
Rpn3_C	1	1
GRASP55_65	1	1
Spc7_C2	1	1
CWC25	1	1
MmgE_PrpD	1	1
Ribosomal_L26	1	1
TFIID_30kDa	1	1
Cg6151-P	1	1
USP7_ICP0_bdg	1	1
DUF1754	1	1
DRIM	1	1
MscL	1	1
PolyA_pol_RNAbd	1	1
MT-A70	1	1
INO80_Ies4	1	1
RPN13_C	1	1
Fip1	1	1
Ku_PK_bind	1	1
Ribosomal_L19	1	1
EOS1	1	1
MFAP1	1	1
PIG-P	1	1
Mit_KHE1	1	1
Init_tRNA_PT	1	1
ATP-synt_G	1	1
RRM_4	1	1
SSrecog	1	1
Nup54	1	1
ELFV_dehydrog_N	1	1
SANT_DAMP1_like	1	1
Glyco_hydro_115	1	1
PROCT	1	1
NADH-G_4Fe-4S_3	1	1
Acyl_CoA_thio	1	1
SRP14	1	1
UPF0203	1	1
Carb_kinase	1	1
RICTOR_N	1	1
DUF3955	1	1
DUF92	1	1
DUF2012	1	1
CHZ	1	1
DASH_Ask1	1	1
IML1	1	1
Ima1_N	1	1
Prenyltransf	1	1
Svf1	1	1
cwf18	1	1
tRNA_bind_2	1	1
Sec15	1	1
Peptidase_M50B	1	1
DUF3441	1	1
UEV	1	1
Ferrochelatase	1	1
DUF908	1	1
ArgJ	1	1
Helicase_C_3	1	1
CDC73_C	1	1
Alpha_kinase	0	2
SDA1	1	1
GCV_H	1	1
DUF1691	1	1
FANCL_C	1	1
ANAPC1	1	1
DRE2_N	1	1
Mak16	1	1
Orn_Arg_deC_N	1	1
Ribonuc_red_sm	1	1
NCBP3	1	1
RNase_HII	1	1
RNase_P_p30	1	1
Img2	1	1
tRNA_m1G_MT	1	1
SelR	1	1
RNA_pol_Rpa2_4	1	1
CPSF73-100_C	1	1
SPT_ssu-like	1	1
Fe_hyd_lg_C	1	1
SnoaL_2	1	1
40S_S4_C	1	1
Polyketide_cyc	1	1
eIF3g	1	1
SRP-alpha_N	1	1
Ribosomal_L50	1	1
DUF952	1	1
SBDS_C	1	1
RNase_P_Rpp14	1	1
VEFS-Box	1	1
RasGEF_N_2	1	1
Syntaxin-5_N	1	1
RRS1	1	1
RNA_pol_N	1	1
Vint	1	1
TBCA	1	1
Succ_DH_flav_C	1	1
ODC_AZ	1	1
Med1	1	1
P5CR_dimer	1	1
Sterol_MT_C	1	1
Mannitol_dh	1	1
HEM4	1	1
PET117	1	1
EB1	1	1
Blt1	1	1
Complex1_49kDa	1	1
Senescence	1	1
Glycos_transf_4	1	1
HD	1	1
NADH_dhqG_C	1	1
Myosin_TH1	1	1
PAM2	1	1
RPA_C	1	1
UPF0220	1	1
Rrp44_CSD1	1	1
ATP12	1	1
Pyrid_oxidase_2	1	1
KCH	1	1
DUSP	1	1
Chorismate_synt	1	1
POB3_N	1	1
CSTF2_hinge	1	1
G-gamma	1	1
DPM2	1	1
SET_assoc	1	1
UBA_2	1	1
ALO	1	1
MRP-L47	1	1
Ribosomal_L28	1	1
Gp_dh_C	1	1
PCNA_N	1	1
PPP5	1	1
GRDP-like	1	1
ETC_C1_NDUFA5	1	1
HABP4_PAI-RBP1	1	1
SAP18	1	1
Histidinol_dh	1	1
Cohesin_load	1	1
STAG	1	1
DSS1_SEM1	1	1
LigB	1	1
UTP25	1	1
zf-C2HE	1	1
Nnf1	1	1
SQHop_cyclase_N	1	1
Ribosomal_L21e	1	1
Acetyltransf_2	1	1
RRM_2	1	1
DUF2370	1	1
DOPA_dioxygen	1	1
RNase_H_2	1	1
Ribosomal_L35Ae	1	1
COX15-CtaA	1	1
B3_4	1	1
DNA_pol_delta_4	1	1
zf-PARP	1	1
NADH-u_ox-rdase	1	1
ATP-synt_F	1	1
ADH_N_assoc	1	1
Eisosome1	1	1
SART-1	1	1
Scytalone_dh	1	1
THOC7	1	1
Ribophorin_I	1	1
SOR_SNZ	1	1
Ribo_biogen_C	1	1
GRIP	1	1
Nrap_D3	1	1
B12D	1	1
Kei1	1	1
Mannosyl_trans2	1	1
DUF2611	1	1
PYC_OADA	1	1
H2TH	1	1
PACT_coil_coil	1	1
DKCLD	1	1
DUF3807	1	1
Ribosomal_S17_N	1	1
zf-Mss51	1	1
Nrap_D5	1	1
HPPK	1	1
SPARC_Ca_bdg	1	1
Rad60-SLD_2	1	1
Ribos_L4_asso_C	1	1
SNARE_assoc	1	1
PDCD2_C	1	1
Fcf2	1	1
dsDNA_bind	1	1
Med7	1	1
R3H-assoc	1	1
Paf1	1	1
Phosphorylase	1	1
ANAPC10	1	1
Peptidase_M4_C	1	1
Glycos_transf_3	1	1
DUF2196	1	1
ATP_transf	1	1
WGG	1	1
DUF1777	1	1
DUF2236	0	2
eIF-3_zeta	1	1
Spt5-NGN	1	1
RNase_PH_C	1	1
TMF_TATA_bd	1	1
PWWP	1	1
Cnd2	1	1
Cnd3	1	1
HHH_7	1	1
EHN	0	2
Autophagy_N	1	1
Chromo_shadow	1	1
FtsH_ext	1	1
DNA_pol_phi	1	1
NOB1_Zn_bind	1	1
PRCC	1	1
CAS_CSE1	1	1
DUF1708	1	1
Ran-binding	1	1
Swi3	1	1
Scs3p	1	1
VPS13	1	1
Cactin_mid	1	1
BSP	0	2
NMT_C	1	1
Ada3	1	1
Inos-1-P_synth	1	1
Peptidase_M19	1	1
PI31_Prot_C	1	1
NARP1	1	1
OSCP	1	1
CLU_N	1	1
zf-DBF	1	1
Glycos_trans_3N	1	1
ACC_central	1	1
Noc2	1	1
DHHA1	1	1
CNOT1_CAF1_bind	1	1
TFIIIC_sub6	1	1
Clathrin_lg_ch	1	1
Folliculin	1	1
Fis1_TPR_C	1	1
CENP-K	1	1
Kinetochor_Ybp2	1	1
AnmK	0	2
DUF1741	1	1
Vps39_1	1	1
TOM13	1	1
Clathrin_H_link	1	1
Chalcone_2	1	1
CDT1_C	1	1
Glyco_hydro_67M	1	1
TUG-UBL1	1	1
DWNN	1	1
CtaG_Cox11	1	1
DUF2781	1	1
HAUS6_N	1	1
NST1	1	1
BATS	1	1
Beach	1	1
Afi1	1	1
MATalpha_HMGbox	0	2
FMN_red	1	1
DUF2423	1	1
A_deamin	0	2
FNIP_N	1	1
Tma16	1	1
ORC4_C	1	1
VPS13_C	1	1
N6-adenineMlase	1	1
Bac_rhamnosid_C	0	2
VanZ	1	1
MRP-S28	1	1
Coatomer_E	1	1
PHY	0	2
RRM_occluded	1	1
Mgm101p	1	1
RNA_pol_Rpb1_6	1	1
RNA_pol_Rpc34	1	1
DUF4050	1	1
zf-PHD-like	1	1
DDOST_48kD	1	1
Cut8	1	1
DS	1	1
Hat1_N	1	1
HD_3	1	1
EIF_2_alpha	1	1
SpoU_methylase	1	1
3-HAO	1	1
Peroxin-13_N	1	1
PRP38	1	1
SGTA_dimer	1	1
Vps55	1	1
COG4	1	1
U1snRNP70_N	1	1
Rep-A_N	1	1
DUF2040	1	1
Ribosomal_L17	1	1
U5_2-snRNA_bdg	1	1
CRT-like	1	1
ADSL_C	1	1
IlvN	1	1
RNA_pol	1	1
MTP18	1	1
TIMELESS_C	1	1
KH_6	1	1
NRDE-2	1	1
MKT1_N	1	1
Transglut_core2	1	1
RVP_2	1	1
Spt5_N	1	1
PC4	1	1
Mago-bind	1	1
NDUF_B12	1	1
Mon2_C	1	1
UCR_UQCRX_QCR9	1	1
SPT2	1	1
Alb1	1	1
S10_plectin	1	1
PGI	1	1
Nse4_C	1	1
PIN_4	1	1
Sec5	1	1
Vac_ImportDeg	1	1
Mit_ribos_Mrp51	1	1
TRAPPC10	1	1
PABP	1	1
MRP-L27	1	1
DUF543	1	1
AAA_29	1	1
Arm_3	1	1
NUDIX-like	1	1
MFS_3	1	1
SWIRM-assoc_1	1	1
Rtf2	1	1
Fer2_2	1	1
SF3A3	1	1
Diphthami_syn_2	1	1
EF1G	1	1
V-ATPase_H_C	1	1
ATP-cone	1	1
HSCB_C	1	1
MOR2-PAG1_N	1	1
RNA_Me_trans	1	1
DUF2428	1	1
DUF106	1	1
Fer4_8	1	1
DUF647	1	1
SHR3_chaperone	1	1
Glucan_synthase	1	1
MIS13	1	1
MATH	1	1
Thymidylate_kin	1	1
DUF3474	1	1
CitMHS	1	1
Neugrin	1	1
Pantoate_transf	1	1
Peptidase_M76	1	1
CactinC_cactus	1	1
TIMELESS	1	1
Pik1	1	1
Pkr1	1	1
GLTP	1	1
COX7C	1	1
RRP7	1	1
Mrr_cat	1	1
APG17	1	1
B56	1	1
TFIIF_beta	1	1
Pam16	1	1
SLBB	1	1
DASH_Dad1	1	1
DUF5427	1	1
Vta1	1	1
Lipoxygenase	1	1
Myb_DNA-bind_7	1	1
Npa1	1	1
Voldacs	1	1
Dynactin	1	1
SNAP	1	1
SF3b10	1	1
Lysine_decarbox	1	1
DUF3128	1	1
Bap31	1	1
PRKCSH_1	1	1
zf-C2HC5	1	1
RED_N	1	1
COX7a	1	1
Memo	1	1
SpoIIE	1	1
Ribosomal_S19e	1	1
COG2	1	1
TRAPPC9-Trs120	1	1
KAR9	1	1
Calreticulin	1	1
DUF915	1	1
Las1	1	1
Molybdopterin	1	1
NOC3p	1	1
DUF1977	1	1
Utp14	1	1
Peroxidase_2	0	2
vATP-synt_AC39	1	1
Ribosomal_S6	1	1
Glyco_hydro_88	0	2
Spc7	1	1
Aha1_N	1	1
DHquinase_II	1	1
DASH_Duo1	1	1
Oxidored_q2	0	2
Prp31_C	1	1
RNA_pol_Rpb5_N	1	1
NAS	1	1
Sec6	1	1
hGDE_central	1	1
CHD5	1	1
DUF3591	1	1
Sec66	1	1
U6-snRNA_bdg	1	1
Tup_N	1	1
Prp19	1	1
RNA_pol_Rpb1_7	1	1
Nitroreductase	1	1
TMEM234	1	1
DUF2990	1	1
RTP1_C2	1	1
zf-C3HC4_5	1	1
CIA30	1	1
Ribosomal_L30_N	1	1
GATase_5	1	1
HTH_44	1	1
Ric8	1	1
Ku_C	1	1
Thioredoxin_4	0	2
ELYS	1	1
SF3b1	1	1
TRAPPC-Trs85	1	1
GCV_T_C	1	1
DUF4452	1	1
Nucleoside_tran	1	1
CTK3	1	1
RPAP2_Rtr1	1	1
SAGA-Tad1	1	1
TPR_17	1	1
Pet127	1	1
M16C_assoc	1	1
Rho_GDI	1	1
GILT	1	1
DUF2052	1	1
zinc_ribbon_6	1	1
MAP65_ASE1	1	1
bZIP_Maf	0	2
RNA12	1	1
FH2	1	1
Pinin_SDK_memA	1	1
IPT	1	1
RICTOR_M	1	1
DMRL_synthase	1	1
Homoserine_dh	1	1
MRP-L20	1	1
CGI-121	1	1
FumaraseC_C	1	1
Spt20	1	1
Reprolysin_2	1	1
60KD_IMP	1	1
RRM	1	1
LsmAD	1	1
CENP-C_C	1	1
TUDOR	1	1
HIRA_B	1	1
Trp_Tyr_perm	1	1
UcrQ	1	1
ATP-synt_ab_C	1	1
CDC50	1	1
LeuA_dimer	1	1
Mo25	1	1
Med17	1	1
F1F0-ATPsyn_F	1	1
SLIDE	1	1
DUF383	1	1
Mad3_BUB1_I	1	1
Mog1	1	1
Dymeclin	1	1
Ribosomal_L12_N	1	1
FDX-ACB	1	1
EF-1_beta_acid	1	1
ORMDL	1	1
YqgF	1	1
Rcd1	1	1
Utp13	1	1
Oxidored-like	1	1
Wbp11	1	1
Endonuclease_NS	1	1
N2227	1	1
DUF1687	1	1
Coatamer_beta_C	1	1
ALG3	1	1
RhgB_N	1	1
gag-asp_proteas	1	1
CTP_synth_N	1	1
DUF1115	1	1
B5	1	1
UPF0086	1	1
YL1	1	1
HPP	1	1
hGDE_N	1	1
PNP_phzG_C	1	1
Glyco_hydro_38C	1	1
IPPT	1	1
Telomerase_RBD	1	1
WAC_Acf1_DNA_bd	1	1
PARP_reg	1	1
Eaf7	1	1
TFIID_20kDa	1	1
eIF3_p135	1	1
NTP_transf_9	1	1
Atg8	1	1
Cut12	1	1
DUF1325	1	1
Dopey_N	1	1
Urb2	1	1
RXT2_N	1	1
Ureidogly_lyase	1	1
PROCN	1	1
DUF1674	1	1
Alpha-mann_mid	1	1
cwf21	1	1
DUF1077	1	1
Upf2	1	1
PIG-F	1	1
TAFII55_N	1	1
DBR1	1	1
DUF836	1	1
Pam17	1	1
Bys1	1	1
FAA_hydrolase_N	1	1
DcpS	1	1
AcetylCoA_hydro	1	1
PSP1	1	1
U3_assoc_6	1	1
Ribosomal_S17e	1	1
Man-6-P_recep	1	1
ARD	1	1
COX5B	1	1
PI31_Prot_N	1	1
Med4	1	1
DUF1998	1	1
Mannosyl_trans	1	1
PMSR	1	1
SPC22	1	1
G6PD_C	1	1
Cohesin_HEAT	1	1
RNA_pol_Rbc25	1	1
CPT	1	1
Ebp2	1	1
PSP	1	1
UTP15_C	1	1
Erv26	1	1
COG6	1	1
FRG1	1	1
RMI1_N	1	1
ThrE	1	1
zf-RING-like	1	1
KH_2	1	1
DBP10CT	1	1
SURF4	1	1
DUF5353	1	1
FACT-Spt16_Nlob	1	1
Ist1	1	1
DUF1308	1	1
DCP2	1	1
PP28	1	1
Dynactin_p62	1	1
Erf4	1	1
MRP-L28	1	1
CENP-X	1	1
DUF4449	1	1
Ribosomal_S28e	1	1
Microtub_bind	1	1
CAP_C	1	1
Vps53_N	1	1
ORC5_C	1	1
EF-hand_9	1	1
SAM_decarbox	1	1
Erythro_esteras	1	1
DUF3767	1	1
CASP_C	1	1
zinc_ribbon_16	0	2
ALAD	1	1
AATF-Che1	1	1
Coatomer_b_Cpla	1	1
Thioredoxin_7	1	1
USP7_C2	1	1
DUF3543	1	1
zf-CCHC_4	1	1
Nop16	1	1
EVE	1	1
Glyco_hydro_62	2	0
SPOC	1	1
LTV	1	1
SIN1_PH	1	1
Bud13	1	1
WD40_4	1	1
Mis12	1	1
zf-4CXXC_R1	1	1
Thaumatin	1	1
Arg_tRNA_synt_N	1	1
Pantoate_ligase	1	1
ATP_sub_h	1	1
HHH_5	1	1
Tmemb_170	1	1
DNA_pol_alpha_N	1	1
ANAPC8	1	1
Kri1_C	1	1
DHHA2	1	1
NUMOD1	0	2
REPA_OB_2	1	1
Not1	1	1
MIF4G_like_2	1	1
Propep_M14	1	1
Romo1	1	1
Svf1_C	1	1
Rap1_C	1	1
CoaE	1	1
Erg28	1	1
TFIIA	1	1
muHD	1	1
ThiJ_like	1	1
HBB	1	1
DUF2410	1	1
Ndc80_HEC	1	1
SRP68	1	1
Mt_ATP-synt_B	1	1
BRAP2	1	1
efThoc1	1	1
Ribosomal_L38e	1	1
Urm1	1	1
zf-DNL	1	1
TFB6	1	1
Grg1	1	1
Chromosome_seg	1	1
Ribonuc_red_lgC	1	1
HVSL	1	1
GatB_Yqey	1	1
Drf_FH3	1	1
DUF788	1	1
VPS28	1	1
Cpn10	1	1
Ribosomal_L37ae	1	1
RPE65	0	2
Rsm22	1	1
RAI1	1	1
DUF3984	1	1
DUF2264	1	1
UPF0052	1	1
Peptidase_M16_M	1	1
Smg4_UPF3	1	1
Radical_SAM_C	1	1
F5_F8_type_C	0	2
RICTOR_V	1	1
Ribonuc_P_40	1	1
Peptidase_C78	1	1
Pyridox_oxase_2	1	1
UNC45-central	1	1
Spb1_C	1	1
Glyco_hydro_38	1	1
CDC24	1	1
DASH_Dad4	1	1
Ribosomal_S16	1	1
zf-DNA_Pol	1	1
Nup192	1	1
MMS19_C	1	1
WSD	1	1
Thoc2	1	1
DUF1348	1	1
AAA_assoc_2	1	1
SPO22	1	1
MIF4G_like	1	1
zf-C5HC2	1	1
DUF3419	1	1
IMS_HHH	0	2
STIMATE	1	1
COX14	1	1
MRP-S33	1	1
DUF4149	1	1
Dynamitin	1	1
MRP_L53	1	1
ATP-grasp_4	0	2
MBF1	1	1
NDUF_B8	1	1
GrpE	1	1
NifU	1	1
LIAS_N	1	1
BP28CT	1	1
DUF3292	0	2
Striatin	1	1
Ribosomal_S3_C	1	1
DUF974	1	1
Med9	1	1
DUF4078	1	1
Utp21	1	1
Rax2	1	1
DDT	1	1
Clr2	1	1
ESSS	1	1
SAP30_Sin3_bdg	1	1
DLD	1	1
CNOT1_TTP_bind	1	1
DMAP_binding	1	1
BRF1	1	1
Nucleoporin2	1	1
DUF1726	1	1
ATP-grasp_5	1	1
MgsA_C	1	1
GNAT_acetyltr_2	1	1
DUF2457	1	1
Use1	1	1
RNA_pol_I_A49	1	1
1-cysPrx_C	1	1
NicO	1	1
Peroxin-3	1	1
GalP_UDP_transf	1	1
PAT1	1	1
TCTP	1	1
Glyco_hydro_20b	1	1
Nfu_N	1	1
DALR_1	1	1
Serinc	1	1
IGR	1	1
SpoU_sub_bind	1	1
LAMTOR	1	1
ATPase	1	1
Rpp20	1	1
MIP	1	1
Iwr1	1	1
Nuf2	1	1
UBA_3	1	1
PNK3P	1	1
Mtc	1	1
eIF2_C	1	1
AICARFT_IMPCHas	1	1
Fer2_4	1	1
DUF1981	1	1
ETF_QO	1	1
Elong_Iki1	1	1
Ribosomal_L27	1	1
Rxt3	1	1
DNA_primase_lrg	1	1
DUF504	1	1
Rav1p_C	1	1
iPGM_N	1	1
RPOL_N	1	1
SF1-HH	1	1
V-ATPase_G	1	1
CLPTM1	1	1
Pr_beta_C	1	1
Grp1_Fun34_YaaH	1	1
DUF1744	1	1
Peptidase_M48_N	1	1
Arv1	1	1
MRC1	1	1
PA14	1	1
PIGA	1	1
DUF4451	1	1
Med14	1	1
DUF4110	1	1
EFTUD2	1	1
MDM31_MDM32	1	1
Tubulin_3	1	1
DUF1690	1	1
SUA5	1	1
MMgT	1	1
Blt1_C	1	1
tRNA_lig_kinase	1	1
TIP_N	1	1
Nse4-Nse3_bdg	1	1
Sec34	1	1
CIMR	1	1
TrmE_N	1	1
MoaE	1	1
DUF1720	1	1
NADH_4Fe-4S	1	1
PIG-H	1	1
ARPC4	1	1
PTH2	1	1
TFCD_C	1	1
RFC1	1	1
Lipin_N	1	1
DUF5102	1	1
Peptidase_C54	1	1
VPS11_C	1	1
Nbl1_Borealin_N	1	1
PFOR_II	1	1
DUF2418	1	1
Maf1	1	1
Creatinase_N	1	1
DUF3385	1	1
Fibrillarin	1	1
Fes1	1	1
UPF0121	1	1
DASH_Dad3	1	1
Exo70	1	1
HAT_KAT11	1	1
ASF1_hist_chap	1	1
DUF4202	1	1
COG5	1	1
ORC2	1	1
Nucleos_tra2_N	1	1
TMA7	1	1
MRG	1	1
WGR	1	1
ChaC	1	1
DUF89	1	1
DUF410	1	1
BC10	1	1
DUF3500	1	1
DUF747	1	1
YhhN	1	1
BCNT	1	1
DUF1349	1	1
DUF2013	1	1
F-actin_cap_A	1	1
Sec62	1	1
NIF3	1	1
Ribosomal_L21p	1	1
DUF1713	1	1
VRR_NUC	1	1
Nop25	1	1
DUF4743	1	1
Pex19	1	1
SPT16	1	1
Pyridox_ox_2	1	1
MRP-S25	1	1
DASH_Dad2	1	1
2_5_RNA_ligase2	1	1
UPF0047	1	1
DUF3835	1	1
PLU-1	1	1
CDC27	1	1
Anoctamin	1	1
Slx4	1	1
BCIP	1	1
COX4	1	1
IlvC	1	1
Ribosomal_L33	1	1
SARAF	1	1
CDC37_N	1	1
NuA4	1	1
Ribosomal_L22e	1	1
eIF-6	1	1
Exo5	1	1
Spindle_Spc25	1	1
XAP5	1	1
DUF3449	1	1
RNA_pol_Rpb6	1	1
WBS_methylT	1	1
Ribosomal_L9_N	1	1
Methyltransf_PK	1	1
SCA7	1	1
Cep57_MT_bd	1	1
Frataxin_Cyay	1	1
CoA_binding_2	1	1
DUF167	1	1
eIF3_subunit	1	1
Thg1	0	2
Myosin_tail_1	1	1
Mmp37	1	1
Mso1_Sec1_bdg	1	1
Sof1	1	1
fn3	1	1
Apc13p	1	1
DLIC	1	1
YIF1	1	1
Methyltransf_32	1	1
DOT1	1	1
2Fe-2S_thioredx	1	1
RicinB_lectin_2	0	2
Coq4	1	1
Coprogen_oxidas	1	1
ATP-synt_E	1	1
Sen15	1	1
HGTP_anticodon2	1	1
UCR_TM	1	1
DUF2434	1	1
Tti2	1	1
Biotin_lipoyl_2	1	1
Ribosomal_L34e	1	1
zf-CCCH_2	1	1
Mif2_N	1	1
DUF3808	1	1
DUF2373	1	1
Ribosomal_L18	1	1
Gaa1	1	1
G6PD_N	1	1
DUF3546	1	1
QCR10	1	1
GARS_A	1	1
NatB_MDM20	1	1
RNase_H2_suC	1	1
Spc24	1	1
ETF_alpha	1	1
Elongin_A	1	1
SH2_2	1	1
GET2	1	1
X8	1	1
SnAC	1	1
CO_deh_flav_C	1	1
Ofd1_CTDD	1	1
Semialdhyde_dhC	1	1
DUF4484	1	1
RQC	1	1
INCENP_ARK-bind	1	1
Hus1	1	1
DCP1	1	1
Pcc1	1	1
Spt4	1	1
ATP-synt_D	1	1
Pex16	1	1
PKD_channel	1	1
FbpA	1	1
Methyltr_RsmF_N	1	1
CDC14	1	1
Fe-ADH	1	1
UDP-g_GGTase	1	1
Atx10homo_assoc	1	1
V-ATPase_H_N	1	1
D123	1	1
DnaJ-X	1	1
IFRD	1	1
POP1	1	1
DASH_Dam1	1	1
DUF3700	1	1
Ribosomal_L37	1	1
MoaC	1	1
LSM14	1	1
RS4NT	1	1
AAA_PrkA	1	1
DUF4238	0	2
Brr6_like_C_C	1	1
ATE_C	1	1
HbrB	1	1
SLS	1	1
Ribonuclease	1	1
SRA1	1	1
Bot1p	1	1
RsfS	1	1
NDK	1	1
PAN_1	1	1
PIG-X	1	1
Nsp1_C	1	1
KAP_NTPase	1	1
DFRP_C	1	1
Tyr_Deacylase	1	1
NGP1NT	1	1
Acetate_kinase	1	1
Fis1_TPR_N	1	1
PNTB	1	1
SRI	1	1
Cnd1_N	1	1
V_ATPase_I	1	1
HNH_2	0	2
DUF4112	1	1
TAF6_C	1	1
AIM5	1	1
Nrap	1	1
Calsequestrin	1	1
RRF	1	1
OHCU_decarbox	1	1
VIGSSK	1	1
Sacchrp_dh_C	1	1
Vps8	1	1
Ald_Xan_dh_C	1	1
Adenylsucc_synt	1	1
DUF2462	1	1
ECM11	1	1
DUF818	0	2
PH_BEACH	1	1
F_actin_cap_B	1	1
MKT1_C	1	1
SEN1_N	1	1
XPC-binding	1	1
Arb2	1	1
SRP9-21	1	1
HRDC	1	1
Motile_Sperm	1	1
Peptidase_C50	1	1
TPR_3	1	1
Med22	1	1
STE2	1	1
Thymidylat_synt	1	1
DUF4440	1	1
Dfp1_Him1_M	1	1
Rad54_N	1	1
Complex1_51K	1	1
Robl_LC7	1	1
IF3_C	1	1
NifU_N	1	1
CENP-L	1	1
KTI12	1	1
PolyA_pol	1	1
PRP3	1	1
Gp_dh_N	1	1
PFU	1	1
Indigoidine_A	1	1
LUC7	1	1
ProRS-C_1	1	1
OMPdecase	1	1
GRAB	1	1
2OG-FeII_Oxy_4	1	1
Thr_synth_N	1	1
LANC_like	1	1
MAD	1	1
DUF2347	1	1
UME	1	1
U3_snoRNA_assoc	1	1
AdoMet_MTase	1	1
HgmA	1	1
NOGCT	1	1
Med6	1	1
Es2	1	1
TYW3	1	1
zf-CCHC_2	1	1
SEP	1	1
P21-Arc	1	1
SRP40_C	1	1
HPIH	1	1
Plug_translocon	1	1
DUF913	1	1
HMG_CoA_synt_C	1	1
RRN9	1	1
DUF3506	1	1
Opi1	1	1
Glyco_hydro_67C	1	1
PUA_2	1	1
DUF3381	1	1
SF3a60_bindingd	1	1
ATP-synt_10	1	1
COP-gamma_platf	1	1
CENP-I	1	1
CAF1A	1	1
Utp11	1	1
UCR_14kD	1	1
Glyoxal_oxid_N	1	1
PCRF	1	1
YCII	1	1
DHH	1	1
Gcn1_N	1	1
CPL	1	1
zf-NADH-PPase	1	1
Rsa3	1	1
MR_MLE_N	1	1
Nodulin-like	1	1
Ribosomal_L29	1	1
Slu7	1	1
CRIM	1	1
BPL_N	1	1
GPHR_N	1	1
TMP-TENI	1	1
Mak10	1	1
Rsm1	1	1
Peptidase_M24_C	1	1
CLN3	1	1
SYS1	1	1
HTH_psq	0	2
zf-C3HC	1	1
Sec61_beta	1	1
Plus-3	1	1
SIP1	1	1
ATG101	1	1
Vps54	1	1
GARS_C	1	1
Mannitol_dh_C	1	1
Hap4_Hap_bind	1	1
Ost4	1	1
DUF1765	1	1
ANAPC_CDC26	1	1
SPT6_acidic	1	1
LepA_C	1	1
Pescadillo_N	1	1
FRB_dom	1	1
Clr2_transil	1	1
IBB	1	1
SYF2	1	1
YchF-GTPase_C	1	1
Cwf_Cwc_15	1	1
PMM	1	1
BING4CT	1	1
Mpp10	1	1
Syntaxin_2	1	1
PIN_6	1	1
FTA4	1	1
TPR_MLP1_2	1	1
ERG2_Sigma1R	1	1
CSTF_C	1	1
Rad52_Rad22	1	1
Raffinose_syn	0	2
GPP34	1	1
Methyltransf_34	1	1
E1_DerP2_DerF2	1	1
TFIID-31kDa	1	1
NAD_Gly3P_dh_C	1	1
TFIIIC_delta	1	1
Cu_amine_oxidN3	1	1
DUF1769	1	1
Myb_Cef	1	1
Ribosomal_L6e	1	1
Transcrip_reg	1	1
Kinetocho_Slk19	1	1
CLP_protease	1	1
PNGaseA	1	1
DUF1712	1	1
AcetylCoA_hyd_C	1	1
Trehalase_Ca-bi	1	1
Polysacc_synt_4	1	1
Apq12	1	1
Ribosomal_L34	1	1
FTR1	0	2
PHP	1	1
Sdh_cyt	1	1
EF1_GNE	1	1
ThuA	1	1
SMC_Nse1	1	1
GatB_N	1	1
zn-ribbon_14	1	1
RTC_insert	1	1
Ribosomal_L15e	1	1
CRM1_C	1	1
Ilm1	1	1
GST_C_6	0	2
Nop14	1	1
CTK3_C	1	1
ACP_syn_III	1	1
GCFC	1	1
SbcCD_C	1	1
DNA_pol_B_exo2	1	1
Methyltrn_RNA_3	1	1
Foie-gras_1	1	1
tRNA_int_end_N2	1	1
Nipped-B_C	1	1
SQHop_cyclase_C	1	1
GTP_cyclohydroI	1	1
ASL_C2	1	1
DUF3074	0	2
RBM39linker	1	1
RNA_pol_Rpb5_C	1	1
KA1	1	1
Ribosomal_S7e	1	1
Vwaint	1	1
Ribosomal_S27e	1	1
Peptidase_C13	1	1
CMS1	1	1
Glyco_transf_17	0	2
DUF2415	1	1
DUF4604	1	1
DUF21	1	1
Ribosomal_S25	1	1
SAS4	1	1
DUF5315	1	1
Med8	1	1
Cytochrome_CBB3	1	1
Ribosomal_L23eN	1	1
Ins_P5_2-kin	1	1
Disintegrin	1	1
Shugoshin_C	1	1
CENP-O	1	1
MAS20	1	1
Aim21	1	1
DUF2014	1	1
RRP36	1	1
PRP1_N	1	1
DUF1168	1	1
SCO1-SenC	1	1
PIG-S	1	1
SRP_SPB	1	1
Glyco_hydro_26	1	1
DAO_C	1	1
Ras_bdg_2	1	1
ESCRT-II	1	1
Abp2	1	1
Rif1_N	1	1
CDO_I	1	1
Membr_traf_MHD	1	1
TAP42	1	1
Cytochrom_C	1	1
ATP-synt_DE_N	1	1
FimP	1	1
Nup96	1	1
SecE	1	1
PCNA_C	1	1
Phosphoesterase	1	1
Apc15p	1	1
hDGE_amylase	1	1
ATP-synt_ab_Xtn	1	1
Methyltransf_8	1	1
AMMECR1	1	1
OxoGdeHyase_C	1	1
GCIP	1	1
DASH_Spc19	1	1
BOP1NT	1	1
ISN1	1	1
DSPn	1	1
CENP-N	1	1
PNRC	1	1
Adaptin_binding	1	1
PTPLA	1	1
AATase	0	2
dsrm	0	2
SUV3_C	1	1
Cgr1	1	1
GN3L_Grn1	1	1
Paf67	1	1
SHR-BD	1	1
UPF0160	1	1
RINT1_TIP1	1	1
Ribosomal_L19e	1	1
HisG_C	1	1
2-oxogl_dehyd_N	1	1
POR	1	1
DAGAT	1	1
CKS	1	1
Mto2_bdg	1	1
LIM_bind	1	1
DUF4211	1	1
Prefoldin_3	1	1
RIX1	1	1
Sdh5	1	1
PGA2	1	1
DUF1604	1	1
zf-primase	1	1
Pol_alpha_B_N	1	1
ERp29	1	1
Bestrophin	1	1
HTH_9	1	1
Med31	1	1
DPBB_1	1	1
Complex1_30kDa	1	1
POR_N	1	1
ATP-synt	1	1
Swi5	1	1
MINDY_DUB	1	1
COMPASS-Shg1	1	1
MAGE	1	1
GPR_Gpa2_C	1	1
Orn_DAP_Arg_deC	1	1
Telomere_reg-2	1	1
STE3	1	1
CTU2	1	1
SLD3	1	1
Q_salvage	1	1
Ribosomal_S24e	1	1
Ribosomal_L32p	1	1
XRCC4	1	1
Hid1	1	1
Myb_DNA-bind_3	1	1
UPF0139	1	1
MOR2-PAG1_C	1	1
Fer4_17	1	1
Med18	1	1
Nucleos_tra2_C	1	1
USP8_dimer	1	1
CybS	1	1
Pec_lyase_C	1	1
INSIG	1	1
Mis14	1	1
DUF384	1	1
AAR2	1	1
Metallopep	1	1
COPI_C	1	1
SRAP	1	1
PEX-1N	1	1
GIDA_assoc	1	1
POPLD	1	1
DUF3425	1	1
Uso1_p115_head	1	1
tRNA_lig_CPD	1	1
TAXi_C	2	0
RRP14	1	1
Retrotrans_gag	2	0
STT3	1	1
Ribophorin_II	1	1
Dynactin_p22	1	1
Stm1_N	1	1
Med13_N	1	1
HIM1	1	1
THOC2_N	1	1
DUF962	1	1
Bystin	1	1
ATG13	1	1
KAP	1	1
Choline_sulf_C	1	1
MAT1	1	1
HisG	1	1
Torus	1	1
Glyco_hydro_32C	0	2
PPI_Ypi1	1	1
GalP_UDP_tr_C	1	1
UPF0113	1	1
Ribosomal_L27e	1	1
Csm1	1	1
SPC25	1	1
tRNA_bind	1	1
Inp1	1	1
DAHP_synth_2	1	1
Glyco_transf_36	1	1
Oxidored_q6	1	1
DUF1857	2	0
RTT107_BRCT_5	1	1
Cytochrom_C1	1	1
Rer1	1	1
NTR2	1	1
WH1	1	1
Clp_N	1	1
DNA_pol_A	1	1
Med13_C	1	1
Raptor_N	1	1
Vma12	1	1
DUF1899	1	1
GMP_synt_C	1	1
Ssu72	1	1
PRA-PH	1	1
Mus7	1	1
Cript	1	1
DUF2011	1	1
Cid2	1	1
ATP-synt_A	0	2
Caleosin	1	1
PRP8_domainIV	1	1
zf-RING_4	1	1
DNA_primase_S	1	1
Vps26	1	1
TIM21	1	1
Aquarius_N	1	1
CIAPIN1	1	1
DUF3669	0	2
PNTB_4TM	1	1
Pep3_Vps18	1	1
P16-Arc	1	1
TRAUB	1	1
Palm_thioest	1	1
SGT1	1	1
Tfb2	1	1
V-ATPase_C	1	1
SLX9	1	1
dUTPase	1	1
Ribosomal_S13_N	1	1
Nop53	1	1
Prp18	1	1
AIP3	1	1
Sfi1	1	1
DUF3684	1	1
DUF3752	1	1
CLU	1	1
TRF	1	1
Mre11_DNA_bind	1	1
DeoC	1	1
MMR_HSR1_C	1	1
ABM	1	1
DnaB_C	1	1
COQ9	1	1
Tho2	1	1
T5orf172	1	1
AKAP7_NLS	1	1
DUF2470	1	1
SecY	1	1
Meth_synt_1	1	1
Rep_fac-A_C	1	1
Bmt2	1	1
zinc_ribbon_10	1	1
Mitofilin	1	1
GBP	1	1
DUF1365	1	1
Pterin_4a	1	1
Thioredox_DsbH	1	1
Rio2_N	1	1
Peptidase_S41	1	1
DBINO	0	2
Arb1	1	1
Exo84_C	1	1
zf-TFIIIC	1	1
ADIP	1	1
Pyrid_ox_like	1	1
URO-D	1	1
NIBRIN_BRCT_II	1	1
PMC2NT	1	1
CSG2	1	1
Wyosine_form	1	1
MDM10	1	1
eIF3_N	1	1
ATP-sulfurylase	1	1
CHS5_N	1	1
PRA-CH	1	1
ATG2_CAD	1	1
TAFII28	1	1
ArgK	1	1
MMU163	1	1
EST1	1	1
DUF1746	1	1
DUF2841	1	1
ATE_N	1	1
AIRC	1	1
XPA_C	1	1
CDC37_M	1	1
Stb3	1	1
Pirin	1	1
Med16	1	1
SWI-SNF_Ssr4	1	1
DUF2431	1	1
DUF1620	1	1
Nrap_D4	1	1
She9_MDM33	1	1
Chal_sti_synt_N	1	1
mRNA_triPase	1	1
Mid1	1	1
NCA2	1	1
Lyase_aromatic	1	1
TAP_C	1	1
Asp_protease_2	1	1
NDUF_B7	1	1
RAMP4	1	1
Ubiq_cyt_C_chap	1	1
NUDIX_4	1	1
EPSP_synthase	1	1
Drc1-Sld2	1	1
BAG	1	1
Btz	1	1
DUF1773	1	1
Nrap_D6	1	1
THUMP	1	1
Carbpep_Y_N	1	1
fn3_5	1	1
Asp_protease	1	1
Fumble	1	1
WAPL	1	1
Sec20	1	1
COQ7	1	1
COX16	1	1
Ribosomal_L32e	1	1
DUF1681	1	1
RNR_inhib	1	1
Rad10	1	1
Hira	1	1
V-SNARE	1	1
ACT_5	1	1
Rrp44_S1	1	1
CTP_transf_1	1	1
YqeY	1	1
RIC1	1	1
ALG11_N	1	1
Rox3	1	1
RPAP1_C	1	1
AAA_15	2	0
BCAS2	1	1
SURF1	1	1
CBFB_NFYA	1	1
Mob_synth_C	1	1
HMG-CoA_red	1	1
End3	1	1
HSP90	1	1
APG5	1	1
MIOX	1	1
ATP11	1	1
FKS1_dom1	1	1
Coatomer_g_Cpla	1	1
MMS19_N	1	1
U3snoRNP10	1	1
PH_TFIIH	1	1
EF_assoc_1	1	1
RNA_lig_T4_1	1	1
O-FucT	1	1
Lactamase_B_4	1	1
MRP-L46	1	1
LDB19	1	1
DUF1682	1	1
Fungal_KA1	1	1
Tom22	1	1
RibD_C	1	1
L31	1	1
Cyclin_C_2	1	1
RTP1_C1	1	1
Ribosomal_L12	1	1
SMAP	1	1
ApoO	1	1
Pet100	1	1
NMT	1	1
CBP4	1	1
DUF3844	1	1
CMD	1	1
Mon1	1	1
DUF3819	1	1
Glyco_hydro_67N	1	1
ATG11	1	1
ICE2	1	1
PGM_PMM_III	1	1
SGS	1	1
Ribosomal_S21	1	1
UreF	1	1
Ribosomal_S26e	1	1
Vps36_ESCRT-II	1	1
CENP-Q	1	1
PI3K_C2	1	1
tRNA_U5-meth_tr	1	1
TyrRSs_C	1	1
fn3_3	1	1
Med11	1	1
Sec8_exocyst	1	1
Kri1	1	1
tRNA-synt_1d	1	1
Ribosomal_S4e	1	1
Autophagy_C	1	1
CBM-like	1	1
Sulf_transp	1	1
Cep57_CLD_2	1	1
FolB	1	1
SMI1_KNR4	1	1
fn3_2	1	1
Alg14	1	1
FAD_binding_7	0	2
PAP_RNA-bind	1	1
Ribonuc_2-5A	1	1
CNOT1_HEAT	1	1
Mod_r	1	1
DUF1992	1	1
RNA_pol_Rpc4	1	1
Ndc1_Nup	1	1
IGPD	1	1
Ribosomal_L18_c	1	1
Rgp1	1	1
UvdE	1	1
LNS2	1	1
RHD3	1	1
DHFR_1	1	1
Fapy_DNA_glyco	1	1
Pterin_bind	1	1
Methyltransf_9	1	1
AMPKBI	1	1
PHD_4	1	1
ERO1	1	1
I_LWEQ	1	1
PRP21_like_P	1	1
Pet191_N	1	1
DUF1770	1	1
Cnl2_NKP2	1	1
HOOK	1	1
Ribosomal_S3Ae	1	1
CAMSAP_CH	1	1
G10	1	1
UMP1	1	1
Nrap_D2	1	1
SPC12	1	1
Ecm29	1	1
Rft-1	1	1
SAICAR_synt	1	1
Ham1p_like	1	1
NAD_binding_3	1	1
Ribosomal_L5e	1	1
Uso1_p115_C	1	1
SAE2	1	1
Spo7	1	1
E1_UFD	1	1
TFIID_NTD2	1	1
Ribosomal_L44	1	1
SLD5_C	1	1
Tcf25	1	1
AAL_decarboxy	1	1
Glyco_hydro_75	1	1
COX17	1	1
C1_4	1	1
TANGO2	1	1
Vps52	1	1
Nha1_C	1	1
Mur_ligase_M	1	1
Laminin_G_3	1	1
DNA_photolyase	0	2
MnmE_helical	1	1
Osmo_MPGsynth	1	1
Telomere_Sde2	1	1
RNase_H2-Ydr279	1	1
SCP2	1	1
NUC130_3NT	1	1
Spermine_synt_N	1	1
Ndr	1	1
NAD_Gly3P_dh_N	1	1
Bac_GDH	1	1
PGK	1	1
MUG113	1	1
NADH_u_ox_C	1	1
Vps23_core	1	1
Ribonuc_red_lgN	1	1
Chromate_transp	0	2
NPCC	1	1
RNA_pol_Rpb8	1	1
Calcipressin	1	1
Nic96	1	1
ChAPs	1	1
GSHPx	1	1
Peptidase_C65	1	1
MAM33	1	1
DAP3	1	1
YccF	1	1
Na_sulph_symp	1	1
UPF1_Zn_bind	1	1
VID27	1	1
MBA1	0	2
NMD3	1	1
DUF382	1	1
ATP13	1	1
Hep_59	1	1
GAS2	1	1
Gcd10p	1	1
RNA_polI_A34	1	1
ANAPC4	1	1
Ctf8	1	1
EAF	1	1
Syntaxin-6_N	1	1
DUF423	1	1
NUC173	1	1
Kin17_mid	1	1
eIF-3c_N	1	1
Isy1	1	1
NUDIX_2	1	1
TMF_DNA_bd	1	1
DHBP_synthase	1	1
Maf	1	1
Sua5_yciO_yrdC	1	1
Nefa_Nip30_N	1	1
FAD_binding_5	1	1
Acylphosphatase	1	1
Pro_dh	1	1
NAD_binding_5	1	1
Chal_sti_synt_C	1	1
PRA1	1	1
DUF2015	1	1
Shugoshin_N	1	1
Ribosomal_L31e	1	1
Band_7_C	1	1
CAP_N	1	1
Spo12	1	1
Mcl1_mid	1	1
Aspzincin_M35	0	2
NOG1	1	1
ANAPC2	1	1
Gon7	1	1
E1_FCCH	1	1
ABA_GPCR	1	1
AHSA1	1	1
NPC1_N	1	1
UPF0061	1	1
Cytidylate_kin	1	1
Rrp15p	1	1
Tfb5	1	1
Leo1	1	1
Cullin_binding	1	1
Mhr1	1	1
hSac2	1	1
DUF218	0	2
DHQ_synthase	1	1
RPT	1	1
PH_6	1	1
DUF5321	1	1
P5-ATPase	1	1
POT1PC	1	1
DUF4203	1	1
ALS_ss_C	1	1
Per1	1	1
HAND	1	1
Zeta_toxin	1	1
RAC_head	1	1
Gpi16	1	1
Lipid_DES	1	1
Transketolase_N	1	1
RNA_pol_3_Rpc31	1	1
DUF2407_C	1	1
AIRS	1	1
SKIP_SNW	1	1
SH3BGR	1	1
DUF45	1	1
Ribosomal_L13e	1	1
MCM2_N	1	1
Leuk-A4-hydro_C	1	1
Glyco_hydro_32N	0	2
YTH	1	1
SRP72	1	1
GARS_N	1	1
ThiS	1	1
Med10	1	1
Bactofilin	1	1
Vps16_N	1	1
NPP1	1	1
UreD	1	1
Thg1C	0	2
Rbsn	1	1
MAT1-1-2	1	1
PPP4R2	1	1
Fer2_BFD	1	1
RFX_DNA_binding	1	1
RTC4	1	1
CTNNBL	1	1
Creatinase_N_2	1	1
Rep_fac-A_3	1	1
PRO8NT	1	1
GCS	1	1
Rrn6	1	1
Pho88	1	1
Nop10p	1	1
Efg1	1	1
Glyco_trans_4_2	1	1
5-FTHF_cyc-lig	1	1
Vps35	1	1
Peptidase_M49	1	1
Ribul_P_3_epim	1	1
MMtag	1	1
Alpha_adaptin_C	1	1
SRP19	1	1
Sas10	1	1
S36_mt	1	1
Ribosomal_L14e	1	1
Herpes_Helicase	0	2
VPS13_mid_rpt	1	1
TFIIE_alpha	1	1
ARS2	1	1
CutC	1	1
GalKase_gal_bdg	1	1
DUF3337	1	1
Seipin	1	1
TAF4	1	1
Nup84_Nup100	1	1
EF_assoc_2	1	1
ETC_C1_NDUFA4	1	1
NPR3	1	1
GRIM-19	1	1
RNA_pol_Rpc82	1	1
Tht1	1	1
KxDL	1	1
STE	1	1
Ald_Xan_dh_C2	1	1
RRN3	1	1
N-SET	1	1
DUF4129	1	1
SRP_TPR_like	1	1
Med21	1	1
Fer4_4	0	2
Peptidase_M35	0	2
zf-CHCC	1	1
PGM_PMM_II	1	1
SHNi-TPR	1	1
DUF3453	1	1
Sin_N	1	1
RPAP1_N	1	1
Alpha-L-AF_C	0	1
Ndufs5	0	1
Lycopene_cycl	0	1
Dpy-30	0	1
FAE1_CUT1_RppA	1	0
DUF1989	0	1
Coiled-coil_56	1	0
COX3	0	1
Carb_bind	0	1
BNR_4	0	1
SWIM	0	1
DUF1932	0	1
VMA21	0	1
Fic	1	0
Complex1_LYR_1	0	1
Glyco_hydro_30C	1	0
Aegerolysin	0	1
PIG-L	0	1
Glyco_hydro_25	0	1
Alkyl_sulf_C	0	1
Ribonuclease_T2	0	1
DUF4291	0	1
ArsB	1	0
Glyco_hydro_114	0	1
DUF3459	0	1
DUF4185	0	1
LBR_tudor	0	1
MOZART1	1	0
ArabFuran-catal	0	1
ClpS	1	0
2OG-Fe_Oxy_2	0	1
TP6A_N	0	1
Tannase	0	1
Glyco_hydr_30_2	0	1
DUF3431	0	1
CFIA_Pcf11	1	0
DUF4140	1	0
Rad50_zn_hook	0	1
Form_Nir_trans	0	1
DUF917	0	1
PhzC-PhzF	0	1
DUF1242	0	1
RNA_pol_Rpb1_R	1	0
zf-C6H2	0	1
SRR1	0	1
SH2	0	1
Ribosomal_L29e	0	1
DUF3395	1	0
Fer4_NifH	0	1
BSP_II	1	0
Ten1	1	0
Promethin	0	1
HRI1	0	1
MWFE	0	1
Elf1	0	1
Ribosomal_L41	0	1
TRAP_alpha	0	1
Ribosomal_L39	0	1
CHAT	1	0
Rab5ip	0	1
Dcc1	0	1
Opy2	0	1
PPDK_N	1	0
TNT	0	1
MCU	0	1
Peptidase_C1_2	0	1
Viral_helicase1	0	1
Oxidored_q4	0	1
Trm112p	0	1
LPMO_10	0	1
DUF1768	1	0
OGG_N	0	1
TEA	0	1
TspO_MBR	0	1
Terpene_synth_C	1	0
DUF2205	0	1
Membrane_bind	0	1
Rieske_2	1	0
NUP	0	1
HI0933_like	1	0
OsmC	1	0
DUF775	0	1
DUF1264	0	1
rve	1	0
ArgoMid	1	0
Fun_ATP-synt_8	0	1
Glyco_hydro_30	0	1
dCMP_cyt_deam_2	1	0
Peptidase_M42	1	0
D-ser_dehydrat	0	1
HTH_31	1	0
Polysacc_synt	1	0
7TM_GPCR_Srsx	1	0
Tri3	0	1
MTCP1	0	1
AIG2_2	1	0
Flavodoxin_2	0	1
DUF1965	0	1
MIF	0	1
MFS_5	1	0
DUF4536	0	1
DUF4588	1	0
CBM_35	1	0
COX2	0	1
CBM_4_9	1	0
NADHdh	0	1
Chlorophyllase2	0	1
Far-17a_AIG1	0	1
ComA	1	0
DUF4964	0	1
Vps36-NZF-N	0	1
ATP-synt_J	0	1
TPK_B1_binding	0	1
Trypsin	0	1
LRR_6	1	0
DUF3638	0	1
Barwin	0	1
PrpF	1	0
3-alpha	0	1
Polysacc_lyase	0	1
Cdc6_C	0	1
Peptidase_M4	0	1
EF-hand_like	1	0
Pept_tRNA_hydro	0	1
SMP	0	1
Peptidase_C15	1	0
DUF5110	1	0
SnoaL	0	1
Tmemb_14	0	1
Nuc_deoxyri_tr2	0	1
CDT1	0	1
UPF0020	0	1
PEP-utilizers	1	0
Pga1	1	0
DUF4419	1	0
CHAP	1	0
NodS	1	0
Reductase_C	0	1
IstB_IS21	0	1
DUF2945	0	1
Str_synth	0	1
Tom5	0	1
Arm_2	0	1
VIT1	0	1
Rick_17kDa_Anti	1	0
Crystall_3	0	1
rhaM	0	1
PEP-utilizers_C	1	0
DUF3429	0	1
PP2C_2	1	0
PAXNEB	0	1
FLILHELTA	0	1
DUF2456	1	0
Cyclase	0	1
BNR_2	0	1
QLQ	0	1
zf-met2	0	1
Ribosomal_S18	0	1
Scm3	0	1
zf-C3HC4_4	1	0
TPMT	0	1
PEP_hydrolase	0	1
Mrx7	0	1
Gram_pos_anchor	0	1
Oxidored_q3	0	1
Cu_bind_like	0	1
PLDc_N	1	0
DUF810	0	1
ThrE_2	0	1
DUF1774	0	1
AAA_14	0	1
Inhibitor_I78	0	1
K_trans	0	1
HSBP1	0	1
POLO_box	1	0
Mitochondr_Som1	0	1
Chlorophyllase	0	1
Nucleotid_trans	0	1
Dyp_perox	0	1
DUF2461	0	1
Beta_helix	0	1
AtuA	0	1
Ribosomal_L36	0	1
PAC4	0	1
DUF4598	0	1
He_PIG	0	1
Cytochrom_B_C	0	1
CinA	1	0
GSDH	1	0
Glu_dehyd_C	0	1
DUF2156	0	1
Mago_nashi	0	1
FoP_duplication	0	1
zf-BED	1	0
NYN	1	0
ANAPC5	0	1
TFIIE_beta	1	0
DUF4139	1	0
Rotamase_2	1	0
PUCC	0	1
zf-C2H2_3	0	1
Cupin_5	0	1
Ost5	0	1
LacAB_rpiB	0	1
CENP-B_N	1	0
Hydrophobin_2	0	1
Glyco_hydro_53	0	1
RAI16-like	0	1
DUF3645	0	1
TPK_catalytic	0	1
DUF1279	0	1
Yos1	0	1
NCE101	0	1
Rdx	0	1
DUF2439	0	1
zf-H2C2	1	0
UPF0261	0	1
SBF	0	1
zf-C3H2C3	1	0
OmdA	1	0
CLP1_N	1	0
PAC3	0	1
Trp_DMAT	0	1
FB_lectin	0	1
MRJP	0	1
Clp1	0	1
PLAC8	0	1
HECT_2	0	1
DinB_2	1	0
PHF5	0	1
DUF4602	1	0
FUN14	0	1
GCN5L1	0	1
DUF3759	0	1
DUF3824	1	0
COX2_TM	0	1
Yop-YscD_cpl	0	1
DNA_pol3_delta	1	0
DUF2417	0	1
Pre-SET	0	1
S-methyl_trans	0	1
IF2_N	1	0
Phage_lysozyme	1	0
COX1	0	1
TrmK	0	1
CENP-H	0	1
DUF498	0	1
TCO89	0	1
DUF773	1	0
DASH_Hsk3	0	1
Dala_Dala_lig_N	0	1
SAD_SRA	0	1
Glyco_hydro_42	0	1
AbfB	0	1
DUF4748	1	0
RNA_pol_I_TF	1	0
FPN1	0	1
